the_geom,VENUE_RECN,FULL_NAME,LEVEL_1_NA,LEVEL_2_NA,LEVEL_3_NA,BOOKABLE,EVENT,PROMOTION,TRAINING,WEDDING,SUSTAINABI,SPORT,NO_SMOKING,DOG_PROHIB,DOG_OFF_LE,PROP_ID,ROADSEG_ID,ADDRESSPT_,ADDRESSPT1,ADDRESSP_1
POINT (144.98036176101897 -37.84207961445361),71,Fawkner Park:  FP - Lawn 19 North_SB8_Ct1_S8_F1,Fawkner Park,FP - Lawn 19 North_SB8_Ct1_S8_F1,,Y,N,,N,N,M,Y,N,N,Y,"103,756",0,0,0,0
POINT (144.92281116303351 -37.78808540808589),"1,345",Newmarket Reserve:  Newmarket Ct_S,Newmarket Reserve,Newmarket Ct_S,,Y,Y,,N,N,L,Y,N,N,N,"618,421",0,0,0,0
POINT (144.94274377653426 -37.819126879284596),"1,312",Docklands:  All Other Spaces:  Victoria Harbour Promenade West,Docklands,All Other Spaces,Victoria Harbour Promenade West,Y,Y,,N,N,,,N,N,N,"604,120","23,300","612,595",19.96470731,334
POINT (144.92516606031543 -37.79852909808418),173,Holland Park:  HP - Football 2_Cs1,Holland Park,HP - Football 2_Cs1,,Y,N,,N,N,M,Y,Y,N,Y,"105,220",0,0,0,0
POINT (144.9810169487427 -37.81235139096792),115,Fitzroy Gardens:  FT - Lawn 10/Stage Lawn,Fitzroy Gardens,FT - Lawn 10/Stage Lawn,,Y,Y,,N,N,M,,N,N,N,"103,807",0,"111,456",90.64589906,286
POINT (144.9555041821315 -37.80281698186015),343,Other Park Locations:  Bedford Street Reserve,Other Park Locations,Bedford Street Reserve,,Y,Y,,N,N,L,,N,N,N,"110,909",0,"110,909",13.33835688,137
POINT (144.96125685811245 -37.7854898349368),205,Princes Park:  PP - Ct1_F1,Princes Park,PP - Ct1_F1,,Y,N,,N,N,M,Y,N,N,N,"107,696",0,0,0,0
POINT (144.95044984461694 -37.79953758061649),358,Other Park Locations:  Errol St Reserve,Other Park Locations,Errol St Reserve,,Y,Y,,N,N,L,,N,N,N,"103,485",0,"103,453",32.62300772,172
POINT (144.94594900298196 -37.82253142158812),"1,416",Docklands:  All Other Spaces:  Australia Wharf,Docklands,All Other Spaces,Australia Wharf,Y,Y,,N,N,,,N,N,N,"624,154","23,302","633,207",88.43716039,4
POINT (144.9728253732698 -37.822753634054926),175,Kings Domain:  KD - Lawn 1,Kings Domain,KD - Lawn 1,,Y,Y,,Y,N,M,,N,N,N,"108,615",0,0,0,0
POINT (144.98896595113547 -37.81712741121574),402,Other Park Locations:  Weedon Reserve,Other Park Locations,Weedon Reserve,,Y,Y,,N,N,L,,N,N,N,0,"21,951","110,017",29.98397741,77
POINT (144.92377402177027 -37.793738962584186),342,Other Park Locations:  Bayswater Road Park,Other Park Locations,Bayswater Road Park,,Y,Y,,N,N,L,,Y,N,N,"100,894",0,"100,894",23.65235611,119
POINT (144.98293613155118 -37.84257424668199),"1,354",Fawkner Park:  FP - Cordner_T1_T2_T3_F2_Ct3,Fawkner Park,FP - Cordner_T1_T2_T3_F2_Ct3,,Y,N,,N,N,M,Y,N,N,N,"103,756",0,0,0,0
POINT (144.9703669487038 -37.821748399482225),223,Queen Victoria Gardens:  QV - Lawn 2,Queen Victoria Gardens,QV - Lawn 2,,Y,Y,,N,Y,L,,N,N,N,"111,022",0,"111,022",64.32289021,347
POINT (144.97402280563833 -37.81230536093349),363,Other Park Locations:  Gordon Reserve,Other Park Locations,Gordon Reserve,,Y,Y,,N,N,L,,N,N,N,"108,995",0,"543,134",63.08410675,196
POINT (144.97156729933138 -37.798366165372386),378,Other Park Locations:  Macarthur Square,Other Park Locations,Macarthur Square,,Y,Y,,N,N,L,,N,N,N,"106,290",0,"106,290",10.18379338,70
POINT (144.96748034393255 -37.81814733672473),762,Promotional Spaces:  Flinders St Station,Promotional Spaces,Flinders St Station,,Y,N,,N,N,,,N,N,N,"104,034","22,195","610,669",3.57963057,170
POINT (144.97483431619727 -37.82138186414242),5,Alexandra Gardens:  AG - Henley Landing,Alexandra Gardens,AG - Henley Landing,,Y,Y,,N,N,H,,N,N,N,"100,385",0,0,0,0
POINT (144.98077042741397 -37.81640437288307),372,Other Park Locations:  Jolimont Reserve,Other Park Locations,Jolimont Reserve,,Y,Y,,N,N,L,,N,N,N,"111,460",0,"111,460",9.69851734,185
POINT (144.9554621837315 -37.78557214679238),277,Royal Park:  RP - Lawn 6_Walker East_Ct2,Royal Park,RP - Lawn 6_Walker East_Ct2,,Y,N,,N,N,L,Y,N,N,N,"107,426",0,0,0,0
POINT (144.96647963539363 -37.78539828659486),365,Other Park Locations:  Hardy Reserve,Other Park Locations,Hardy Reserve,,Y,Y,,N,N,L,,N,N,N,"106,380",0,"106,380",41.56399607,177
POINT (144.96485355506087 -37.829803138137365),396,Other Park Locations:  Sturt Street Reserve,Other Park Locations,Sturt Street Reserve,,Y,Y,,N,N,L,,N,N,N,"110,628",0,"110,628",36.46091337,335
POINT (144.9798342931686 -37.839308670086034),63,Fawkner Park:  FP - Lawn 17_SB1_SB2_Ct2_S7,Fawkner Park,FP - Lawn 17_SB1_SB2_Ct2_S7,,Y,N,,N,N,M,Y,Y,N,N,"103,756",0,0,0,0
POINT (144.98286097598913 -37.844590280668804),67,Fawkner Park:  FP - Lawn 21_T8_S3,Fawkner Park,FP - Lawn 21_T8_S3,,Y,Y,,Y,N,M,Y,N,N,Y,"103,756",0,0,0,0
POINT (144.96105370796076 -37.77864670473415),219,Princes Park:  PP - Lawn 6,Princes Park,PP - Lawn 6,,Y,Y,,Y,N,M,N,N,N,N,"107,696",0,"526,307",61.44025708,214
POINT (144.98172146083033 -37.84314053115123),104,Fawkner Park:  FP - Southern Pavilion Changerooms,Fawkner Park,FP - Southern Pavilion Changerooms,,Y,N,,N,N,M,Y,N,N,Y,"103,756",0,"587,544",3.76647007,242
POINT (144.9789180406222 -37.81420217875374),130,Fitzroy Gardens:  FT - Lawn 25,Fitzroy Gardens,FT - Lawn 25,,Y,Y,,N,Y,M,,N,N,N,"103,807",0,"111,454",35.42281515,159
POINT (144.97660241098285 -37.824601477463915),184,Kings Domain:  KD - Lawn 9/Pillars of Wisdom,Kings Domain,KD - Lawn 9/Pillars of Wisdom,,Y,Y,,Y,Y,M,,N,N,N,"108,615",0,0,0,0
POINT (144.9609096148945 -37.790300580548156),214,Princes Park:  PP - Lawn 1_S4,Princes Park,PP - Lawn 1_S4,,Y,Y,,Y,N,M,Y,N,N,Y,"107,696",0,0,0,0
POINT (144.92400424679198 -37.79871909767763),168,Holland Park:  HP - Pavilion,Holland Park,HP - Pavilion,,Y,N,,N,N,M,Y,N,N,N,"105,220",0,0,0,0
POINT (144.97523037379176 -37.81141955860035),345,Other Park Locations:  Burston Reserve,Other Park Locations,Burston Reserve,,Y,Y,,N,N,L,,N,N,N,"107,431",0,"107,431",16.24877343,37
POINT (144.9722702183175 -37.805870529120305),36,Carlton Gardens:  CG - Lawn 18,Carlton Gardens,CG - Lawn 18,,Y,Y,,N,Y,L,,N,N,N,"108,268",0,0,0,0
POINT (144.973021941446 -37.82711468437653),187,Kings Domain:  KD - Lawn 12,Kings Domain,KD - Lawn 12,,Y,Y,,Y,N,M,,N,N,N,"108,615",0,0,0,0
POINT (144.9703352067697 -37.80567410509057),27,Carlton Gardens:  CG - Lawn 9,Carlton Gardens,CG - Lawn 9,,Y,N,,N,Y,L,,N,N,N,"108,268",0,0,0,0
POINT (144.97200059019704 -37.80696891171134),37,Carlton Gardens:  CG - Lawn 19,Carlton Gardens,CG - Lawn 19,,Y,N,,N,Y,L,,N,N,N,"108,268",0,"546,082",89.93045975,159
POINT (144.97208336442085 -37.801873179409036),20,Carlton Gardens:  CG - Lawn 2,Carlton Gardens,CG - Lawn 2,,Y,N,,N,Y,L,,N,N,N,"108,269",0,0,0,0
POINT (144.92442027151208 -37.79764033693619),169,Holland Park:  HP - Soccer_Cs2_ Synthetic,Holland Park,HP - Soccer_Cs2_ Synthetic,,Y,Y,,N,N,M,Y,N,N,N,"105,220",0,0,0,0
POINT (144.92390716229923 -37.79850806274544),"1,361",Holland Park:  HP - Running Track,Holland Park,HP - Running Track,,Y,N,,N,N,M,Y,Y,N,Y,"105,220",0,0,0,0
POINT (144.9798491967805 -37.81412407658255),143,Fitzroy Gardens:  FT - Lawn 24/Boy on a Turtle,Fitzroy Gardens,FT - Lawn 24/Boy on a Turtle,,Y,Y,,N,Y,M,,N,N,N,"103,807",0,"111,453",51.77449546,235
POINT (144.98258173896897 -37.82623562362023),395,Other Park Locations:  Stapley Parade Reserve,Other Park Locations,Stapley Parade Reserve,,Y,Y,,N,N,L,,N,N,N,0,"22,644",0,0,0
POINT (144.9820236336056 -37.815122798700756),136,Fitzroy Gardens:  FT - Lawn 30,Fitzroy Gardens,FT - Lawn 30,,Y,N,,N,Y,M,,N,N,N,"103,807",0,"102,013",78.77163579,356
POINT (144.91366744937145 -37.802449157916314),405,Other Park Locations:  Wildlife Reserve,Other Park Locations,Wildlife Reserve,,Y,Y,,N,N,L,,N,N,N,"102,986",0,"102,987",99.1742364,89
POINT (144.97094002506728 -37.80248032934897),22,Carlton Gardens:  CG - Lawn 4,Carlton Gardens,CG - Lawn 4,,Y,Y,,N,Y,L,,N,N,N,"108,269",0,0,0,0
POINT (144.94131177323902 -37.799055317643926),"1,248",Other Park Locations:  North Melbourne Recreation Reserve,Other Park Locations,North Melbourne Recreation Reserve,,Y,Y,,N,N,L,,N,N,Y,"100,514",0,0,0,0
POINT (144.94909109002268 -37.805459724438954),368,"Other Park Locations:  Hawke, King & Victoria St Reserve",Other Park Locations,"Hawke, King & Victoria St Reserve",,Y,Y,,N,N,L,,N,N,N,"104,709",0,"104,709",3.71520312,123
POINT (144.98237744450677 -37.84179927057013),91,Fawkner Park:  FP - Lawn 16 South East_T10_S5,Fawkner Park,FP - Lawn 16 South East_T10_S5,,Y,N,,N,N,M,Y,N,N,N,"103,756",0,0,0,0
POINT (144.97372963396307 -37.82764499797872),188,Kings Domain:  KD - Lawn 13,Kings Domain,KD - Lawn 13,,Y,Y,,N,N,M,,N,N,N,"111,029",0,"111,030",90.53486025,18
POINT (144.97125527823184 -37.80614633537273),33,Carlton Gardens:  CG - Lawn 15/Exhibition Fountain,Carlton Gardens,CG - Lawn 15/Exhibition Fountain,,Y,Y,,N,Y,L,,N,N,N,"108,268",0,"546,082",59.76575599,254
POINT (144.98125044044048 -37.84409411042584),72,Fawkner Park:  FP - Lawn 20 West_T9_T6_Cs1_M1,Fawkner Park,FP - Lawn 20 West_T9_T6_Cs1_M1,,Y,N,,N,N,M,Y,N,N,Y,"103,756",0,0,0,0
POINT (144.9875327281599 -37.83069806878039),362,Other Park Locations:  Golden Elm Triangle Reserve,Other Park Locations,Golden Elm Triangle Reserve,,Y,Y,,N,N,L,,N,N,N,"111,334",0,"111,334",12.70122202,271
POINT (144.97259992450503 -37.802401778134914),23,Carlton Gardens:  CG - Lawn 5,Carlton Gardens,CG - Lawn 5,,Y,N,,N,Y,L,,N,N,N,"108,269",0,0,0,0
POINT (144.93081887965192 -37.79549541762062),344,Other Park Locations:  Bellair Street Reserve,Other Park Locations,Bellair Street Reserve,,Y,Y,,N,N,L,,Y,N,N,0,"30,582","100,990",28.99477839,157
POINT (144.98078613765418 -37.81528866843271),134,Fitzroy Gardens:  FT- Lawn 28,Fitzroy Gardens,FT- Lawn 28,,Y,N,,Y,Y,M,,N,N,N,"103,807",0,"111,452",80.84212407,213
POINT (144.9427921184255 -37.78398401734769),264,Royal Park:  RP - Ross Straw Field B1 East,Royal Park,RP - Ross Straw Field B1 East,,Y,N,,N,N,L,Y,Y,N,N,"107,426",0,0,0,0
POINT (144.95380005501625 -37.79092904752804),237,Royal Park:  RP - Lawn 2_Native Grassland,Royal Park,RP - Lawn 2_Native Grassland,,Y,N,,N,N,L,N,N,N,Y,"107,426",0,0,0,0
POINT (144.9648893222214 -37.82135320112914),388,Other Park Locations:  Riverside Quay Reserve,Other Park Locations,Riverside Quay Reserve,,Y,Y,,N,N,L,,N,N,N,"611,806",0,"611,806",12.28439378,100
POINT (144.977830455731 -37.8176183608617),403,Other Park Locations:  Wellington Crescent,Other Park Locations,Wellington Crescent,,Y,Y,,N,N,L,,N,N,N,0,"21,971",0,0,0
POINT (144.9567311803712 -37.781114702461835),274,Royal Park:  RP - Lawn 14_Poplar Cs_S2,Royal Park,RP - Lawn 14_Poplar Cs_S2,,Y,N,,N,N,L,Y,N,N,Y,"107,426",0,"110,274",79.76690737,208
POINT (144.97288564656475 -37.823686748198114),176,Kings Domain:  KD - Lawn 2,Kings Domain,KD - Lawn 2,,Y,Y,,N,N,M,,N,N,N,"108,615",0,0,0,0
POINT (144.9658350877282 -37.802740302401325),"1,214",Promotional Spaces:  Piazza Italia,Promotional Spaces,Piazza Italia,,Y,Y,,N,N,,,N,N,N,"106,097",0,"106,097",53.1618369,335
POINT (144.97923176374886 -37.81146168205138),117,Fitzroy Gardens:  FT - Lawn 12,Fitzroy Gardens,FT - Lawn 12,,Y,N,,N,Y,M,,N,N,N,"103,807",0,0,0,0
POINT (144.9697226042961 -37.80623668386974),28,Carlton Gardens:  CG - Lawn 10/Dalai Lama Peace Garden,Carlton Gardens,CG - Lawn 10/Dalai Lama Peace Garden,,Y,Y,,N,Y,L,,N,N,N,"108,268",0,"108,154",78.56806687,164
POINT (144.95543739832556 -37.81109383330219),160,Flagstaff Gardens:  FG - Lawn 13,Flagstaff Gardens,FG - Lawn 13,,Y,Y,,Y,N,M,,N,N,N,"102,942",0,"102,943",40.9784417,28
POINT (144.95521917866634 -37.77990471424554),266,Royal Park:  RP - Lawn 9_Ryder Ct_S1,Royal Park,RP - Lawn 9_Ryder Ct_S1,,Y,N,,N,N,L,Y,N,N,N,"107,426",0,0,0,0
POINT (144.97463978124 -37.824767413750216),179,Kings Domain:  KD - Lawn 4,Kings Domain,KD - Lawn 4,,Y,Y,,Y,N,M,,N,N,N,"108,615",0,"529,525",38.86214775,289
POINT (144.9671007316638 -37.81592857180709),824,Promotional Spaces:  City Square,Promotional Spaces,City Square,,Y,Y,,N,N,,,N,N,N,"109,419",0,"655,195",15.78783315,212
POINT (144.96173019375894 -37.81080310058936),"1,364",Promotional Spaces:  Melbourne Central Station - Elizabeth Street,Promotional Spaces,Melbourne Central Station - Elizabeth Street,,Y,N,,N,N,,,N,N,N,0,"20,169","601,448",20.15941462,71
POINT (144.9375827252431 -37.81566820528829),"1,576",Docklands:  Parks:  Quay Park,Docklands,Parks,Quay Park,Y,Y,,N,N,L,N,N,N,N,"632,876",0,"632,880",20.12623365,297
POINT (144.95316579832524 -37.79596016662455),371,Other Park Locations:  Ievers Reserve,Other Park Locations,Ievers Reserve,,Y,Y,,N,N,L,,Y,N,N,"103,910",0,"107,255",63.2028553,324
POINT (144.95486089159274 -37.81175509710494),159,Flagstaff Gardens:  FG - Lawn 12,Flagstaff Gardens,FG - Lawn 12,,Y,Y,,Y,N,M,,N,N,N,"102,942",0,0,0,0
POINT (144.9750014223981 -37.81891336935055),409,Birrarung Marr:  BM - Middle Terrace,Birrarung Marr,BM - Middle Terrace,,Y,Y,,N,N,H,,N,N,N,"573,368",0,0,0,0
POINT (144.97016355027458 -37.80664955602868),30,Carlton Gardens:  CG - Lawn 12,Carlton Gardens,CG - Lawn 12,,Y,N,,N,Y,L,,N,N,N,"108,268",0,"546,082",78.59724285,0
POINT (144.98360246627576 -37.8440435375902),68,Fawkner Park:  FP - Lawn 22_Cs3_S2,Fawkner Park,FP - Lawn 22_Cs3_S2,,Y,N,,N,N,M,Y,N,N,Y,"103,756",0,"107,448",77.17142923,2
POINT (144.96168143118967 -37.78234866992262),216,Princes Park:  PP - Lawn 3 / Northern CarPark,Princes Park,PP - Lawn 3 / Northern CarPark,,Y,Y,,Y,N,M,Y,N,N,N,"107,696",0,0,0,0
POINT (144.94261415211434 -37.78556955918817),261,Royal Park:  RP - Ross Straw Field S5 (on Ross Straw BB),Royal Park,RP - Ross Straw Field S5 (on Ross Straw BB),,Y,N,,N,N,L,Y,N,N,N,"107,426",0,"106,428",63.14398009,181
POINT (144.9239684670699 -37.79114759202695),406,Other Park Locations:  Women's Peace Garden,Other Park Locations,Women's Peace Garden,,Y,Y,,N,N,L,,N,N,N,"103,363",0,"541,957",38.73435411,128
POINT (144.9840541673097 -37.83979471792946),82,Fawkner Park:  FP - Lawn 13_SB9_SB10_Cs7_SUB3,Fawkner Park,FP - Lawn 13_SB9_SB10_Cs7_SUB3,,Y,N,,N,N,M,Y,Y,N,N,"103,756",0,0,0,0
POINT (144.97385088402874 -37.82111847849652),435,Alexandra Gardens:  AG - Palm Lawn,Alexandra Gardens,AG - Palm Lawn,,Y,Y,,Y,N,H,,N,N,N,"101,101",0,"503,001",90.69921323,167
POINT (144.9414879659226 -37.805606405436144),386,Other Park Locations:  Railway & Miller St Reserve,Other Park Locations,Railway & Miller St Reserve,,Y,Y,,N,N,L,,N,N,N,"110,908",0,"110,908",21.27300622,321
POINT (144.95582905318707 -37.7874641957267),255,Royal Park:  RP - Lawn 6_Smith Ct1_R1,Royal Park,RP - Lawn 6_Smith Ct1_R1,,Y,N,,N,N,L,Y,N,N,N,"107,426",0,0,0,0
POINT (144.94565942520038 -37.796347199359644),384,Other Park Locations:  Pleasance Gardens,Other Park Locations,Pleasance Gardens,,Y,Y,,N,N,L,,N,N,N,"101,395",0,"101,395",6.92606023,254
POINT (144.9825785045082 -37.84036620841432),61,Fawkner Park:  FP - Lawn 15_SB7_SUB1,Fawkner Park,FP - Lawn 15_SB7_SUB1,,Y,Y,,Y,N,M,Y,N,N,N,"103,756",0,"587,543",89.91851442,139
POINT (144.9427921184255 -37.78398401734769),263,Royal Park:  RP - Ross Straw Field 2 Sth_Ct,Royal Park,RP - Ross Straw Field 2 Sth_Ct,,Y,N,,N,N,L,Y,Y,N,N,"107,426",0,0,0,0
POINT (144.97284434800815 -37.796310238750024),347,Other Park Locations:  Canning & Palmerston,Other Park Locations,Canning & Palmerston,,Y,Y,,N,N,L,,Y,N,N,"107,223",0,"107,223",10.15483954,258
POINT (144.95675744610313 -37.778734622101226),270,Royal Park:  RP - Lawn 9_McAlister Ct_F3,Royal Park,RP - Lawn 9_McAlister Ct_F3,,Y,N,,N,N,L,Y,N,N,N,"107,426",0,0,0,0
POINT (144.96257078751347 -37.78589363291953),"1,342",Princes Park:  PP - Nets (2) Tennis Courts,Princes Park,PP - Nets (2) Tennis Courts,,Y,N,,N,N,M,Y,N,N,N,"107,696",0,0,0,0
POINT (144.92264481163645 -37.79804493075953),172,Holland Park:  HP - Ct_F1,Holland Park,HP - Ct_F1,,Y,N,,N,N,M,Y,N,N,Y,"105,220",0,"517,639",93.93444073,97
POINT (144.9427921184255 -37.78398401734769),265,Royal Park:  RP - Ross Straw Field B2 West,Royal Park,RP - Ross Straw Field B2 West,,Y,N,,N,N,L,Y,Y,N,N,"107,426",0,0,0,0
POINT (144.97903255227487 -37.83991854635422),64,Fawkner Park:  FP - Lawn 18_SB4_SB3_S4,Fawkner Park,FP - Lawn 18_SB4_SB3_S4,,Y,Y,,N,N,M,Y,N,N,Y,"103,756",0,0,0,0
POINT (144.96578472064343 -37.8030436798691),340,Other Park Locations:  Argyle Square (South),Other Park Locations,Argyle Square (South),,Y,Y,,N,N,L,,N,N,N,"106,097",0,"106,097",53.36004813,13
POINT (144.9234666007344 -37.788470093709485),"1,346",Newmarket Reserve:  Newmarket Pavilion,Newmarket Reserve,Newmarket Pavilion,,Y,N,,N,N,L,Y,N,N,N,"618,421",0,"617,780",53.29046812,330
POINT (144.963377362942 -37.82053851243121),393,Other Park Locations:  Southbank Promenade - grass area,Other Park Locations,Southbank Promenade - grass area,,Y,Y,,N,N,L,,N,N,N,"111,302",0,"558,548",62.39325145,142
POINT (144.9814109466398 -37.81414491702501),126,Fitzroy Gardens:  FT - Lawn 21,Fitzroy Gardens,FT - Lawn 21,,Y,Y,,N,Y,M,,N,N,N,"103,807",0,"103,808",84.89156771,206
POINT (144.97082104446253 -37.80620609216334),29,Carlton Gardens:  CG - Lawn 11,Carlton Gardens,CG - Lawn 11,,Y,N,,N,Y,L,,N,N,N,"108,268",0,"546,082",54.57055686,294
POINT (144.95531877123642 -37.77855677831291),268,Royal Park:  RP - Lawn 9_Ransford Ct_F2_L3,Royal Park,RP - Lawn 9_Ransford Ct_F2_L3,,Y,N,,N,N,L,Y,N,N,N,"107,426",0,0,0,0
POINT (144.94373386693263 -37.79911472938728),360,Other Park Locations:  Gardiner Reserve,Other Park Locations,Gardiner Reserve,,Y,Y,,N,N,L,,Y,N,N,"102,913",0,"102,913",29.86978579,29
POINT (144.96037070486315 -37.82541356209026),349,Other Park Locations:  City Road Park,Other Park Locations,City Road Park,,Y,Y,,N,N,L,,N,N,N,"108,053",0,"108,053",7.72514826,142
POINT (144.9782884163219 -37.81387558368636),131,Fitzroy Gardens:  FT - Lawn 26,Fitzroy Gardens,FT - Lawn 26,,Y,N,,N,Y,M,,N,N,N,"103,807",0,"111,454",32.2586383,316
POINT (144.92266340403762 -37.792514022427625),383,Other Park Locations:  Peppercorn Park,Other Park Locations,Peppercorn Park,,Y,Y,,N,N,L,,N,N,N,"110,081",0,"107,565",22.95735819,124
POINT (144.97788337151445 -37.837961944061746),49,Fawkner Park:  FP - Lawn 3,Fawkner Park,FP - Lawn 3,,Y,Y,,Y,N,M,N,N,N,Y,"103,756",0,"578,355",95.92767716,64
POINT (144.96124036180393 -37.78664887784743),215,Princes Park:  PP - Lawn 2_Summer Touch (6),Princes Park,PP - Lawn 2_Summer Touch (6),,Y,N,,N,N,M,Y,N,N,N,"107,696",0,0,0,0
POINT (144.95940887405254 -37.82023449697838),45,Enterprise Park:  EP - Lawn 2,Enterprise Park,EP - Lawn 2,,Y,Y,,N,N,H,,N,N,N,"103,973",0,"602,950",51.92617301,165
POINT (144.94487688658427 -37.80864887136427),366,Other Park Locations:  Hawke & Adderley Street Park,Other Park Locations,Hawke & Adderley Street Park,,Y,Y,,N,N,L,,Y,N,N,"104,755",0,"104,755",13.94508753,293
POINT (144.955236671582 -37.78697065657136),241,Royal Park:  RP - Lawn 6_Bourke and Wills,Royal Park,RP - Lawn 6_Bourke and Wills,,Y,N,,N,N,L,Y,N,N,N,"107,426",0,"587,540",57.88822249,116
POINT (144.94759906602815 -37.79219451711191),257,Royal Park:  RP - Lawn 13_Flem Road_Cs1_S3,Royal Park,RP - Lawn 13_Flem Road_Cs1_S3,,Y,N,,N,N,L,Y,N,N,N,"107,426",0,0,0,0
POINT (144.97306989164414 -37.80021407728376),381,Other Park Locations:  Murchison Square,Other Park Locations,Murchison Square,,Y,Y,,N,N,L,,N,N,N,"106,828",0,"524,046",24.86003702,79
POINT (144.95392976581286 -37.78700392266655),253,Royal Park:  RP - Lawn 6_Brens Ct_F4,Royal Park,RP - Lawn 6_Brens Ct_F4,,Y,N,,N,N,L,Y,N,N,N,"107,426",0,0,0,0
POINT (144.98200532503284 -37.812010691974855),137,Fitzroy Gardens:  FT - Lawn 9/Old Bandstand,Fitzroy Gardens,FT - Lawn 9/Old Bandstand,,Y,Y,,N,Y,M,,Y,N,N,"103,807",0,0,0,0
POINT (144.96068893885598 -37.78969724504652),208,Princes Park:  PP - Crawford_Ct3_F2,Princes Park,PP - Crawford_Ct3_F2,,Y,N,,N,N,M,Y,N,N,Y,"107,696",0,0,0,0
POINT (144.9873669018947 -37.81143226898333),385,Other Park Locations:  Powlett Reserve,Other Park Locations,Powlett Reserve,,Y,Y,,N,N,L,,Y,N,N,"107,620",0,"526,105",70.42207444,130
POINT (144.94246396491934 -37.81471918160141),"1,225",Docklands:  Promotional Sites:  3.New Quay Promenade East,Docklands,Promotional Sites,3.New Quay Promenade East,Y,Y,,N,N,,,N,N,N,"579,369","22,785","598,290",12.64858209,269
POINT (144.9554621837315 -37.78557214679238),276,Royal Park:  RP - Lawn 6_Walker West_Ct1,Royal Park,RP - Lawn 6_Walker West_Ct1,,Y,N,,N,N,L,Y,N,N,N,"107,426",0,0,0,0
POINT (144.94862438795033 -37.80518674164739),367,"Other Park Locations:  Hawke, King & Errol St Reserve",Other Park Locations,"Hawke, King & Errol St Reserve",,Y,Y,,N,N,L,,N,N,N,"110,911",0,"110,911",1.7382153,234
POINT (144.92134758302743 -37.798249959297706),174,Holland Park:  HP - Extreme Sports Area,Holland Park,HP - Extreme Sports Area,,Y,N,,N,N,M,Y,N,N,N,"105,220",0,"586,156",34.32973394,143
POINT (144.98015573811645 -37.81205157312452),138,Fitzroy Gardens:  FT - Lawn 11/Dolphin Fountain/Bronze Boy & Urn,Fitzroy Gardens,FT - Lawn 11/Dolphin Fountain/Bronze Boy & Urn,,Y,Y,,N,Y,M,,N,N,N,"103,807",0,0,0,0
POINT (144.9554621837315 -37.78557214679238),278,Royal Park:  RP - Lawn 6_Walker_M1,Royal Park,RP - Lawn 6_Walker_M1,,Y,N,,N,N,L,Y,N,N,N,"107,426",0,0,0,0
POINT (144.9771809900954 -37.81598743953911),404,Other Park Locations:  Wellington Park,Other Park Locations,Wellington Park,,Y,Y,,Y,N,L,,N,N,N,"109,992",0,"109,992",10.56411163,351
POINT (144.97139212312234 -37.80150919771168),19,Carlton Gardens:  CG - Lawn 1,Carlton Gardens,CG - Lawn 1,,Y,Y,,N,Y,L,,N,N,N,"108,269",0,"101,721",76.41511683,83
POINT (144.98237744450677 -37.84179927057013),90,Fawkner Park:  FP - Lawn 16 South West_Cs4_S1,Fawkner Park,FP - Lawn 16 South West_Cs4_S1,,Y,N,,N,N,M,Y,N,N,N,"103,756",0,0,0,0
POINT (144.98237744450677 -37.84179927057013),89,Fawkner Park:  FP - Lawn 16 North West_SB6_Cs6,Fawkner Park,FP - Lawn 16 North West_SB6_Cs6,,Y,N,,N,N,M,Y,N,N,N,"103,756",0,0,0,0
POINT (144.95360614269848 -37.806440465708),370,Other Park Locations:  Howard & William St Reserve,Other Park Locations,Howard & William St Reserve,,Y,Y,,N,N,L,,N,N,N,0,"21,382","110,138",19.5985749,343
POINT (144.98138704362836 -37.81343655949792),142,Fitzroy Gardens:  FT - Lawn 17/Fairies Tree,Fitzroy Gardens,FT - Lawn 17/Fairies Tree,,Y,N,,N,Y,M,,N,N,N,"103,807",0,"111,456",34.12994643,106
POINT (144.97341493739142 -37.812775775186815),748,Promotional Spaces:  Parliament Station,Promotional Spaces,Parliament Station,,Y,N,,N,N,,,N,N,N,"108,981",0,"531,157",36.986586,118
POINT (144.9655258951844 -37.807254494588605),356,Other Park Locations:  Eight Hour Reserve,Other Park Locations,Eight Hour Reserve,,Y,Y,,N,N,L,,N,N,N,"110,910",0,"110,910",1.68342765,115
POINT (144.9650858092593 -37.81968991950801),792,Promotional Spaces:  Southbank Pedestrian Bridge,Promotional Spaces,Southbank Pedestrian Bridge,,Y,N,,N,N,,,N,N,N,"598,987","22,568","111,240",22.26558689,247
POINT (144.9427921184255 -37.78398401734769),262,Royal Park:  RP - Ross Straw Field 1 Nth_Ct,Royal Park,RP - Ross Straw Field 1 Nth_Ct,,Y,N,,N,N,L,Y,Y,N,N,"107,426",0,0,0,0
POINT (144.9673606957155 -37.828688522604),380,Other Park Locations:  Miles & Dodds St Reserve,Other Park Locations,Miles & Dodds St Reserve,,Y,Y,,N,N,L,,N,N,N,"111,526",0,"111,526",1.87644942,161
POINT (144.9612333391193 -37.78788013831968),211,Princes Park:  PP -  S2,Princes Park,PP -  S2,,Y,N,,N,N,M,Y,N,N,N,"107,696",0,0,0,0
POINT (144.98172146083033 -37.84314053115123),428,Fawkner Park:  FP - Southern Pavilion Social Area,Fawkner Park,FP - Southern Pavilion Social Area,,Y,N,,N,N,M,Y,N,N,Y,"103,756",0,"587,544",3.76647007,242
POINT (144.94461367085572 -37.82189961767696),"1,617",Docklands:  All Other Spaces:  Collins Landing,Docklands,All Other Spaces,Collins Landing,Y,Y,,N,N,,,N,N,N,"624,154","23,301","624,154",39.12898723,47
POINT (144.94213123612462 -37.823381504683944),"1,222",Docklands:  Parks:  Point Park,Docklands,Parks,Point Park,Y,Y,,N,N,L,N,N,N,N,"611,697",0,"642,867",37.11110181,217
POINT (144.97348681194194 -37.81907379935277),410,Birrarung Marr:  BM - Lower Terrace,Birrarung Marr,BM - Lower Terrace,,Y,Y,,N,N,H,,N,N,N,"573,368",0,0,0,0
POINT (144.95321923431288 -37.80977855324393),148,Flagstaff Gardens:  FG - Lawn 1,Flagstaff Gardens,FG - Lawn 1,,Y,Y,,Y,N,M,,N,N,N,"102,942",0,"105,328",64.79969374,184
POINT (144.96425597799097 -37.820379916209816),823,Promotional Spaces:  Southbank Spillway,Promotional Spaces,Southbank Spillway,,Y,Y,,N,N,,,N,N,N,"111,302",0,"596,447",81.022573,360
POINT (144.9549599190524 -37.78651883720741),285,Royal Park:  RP - Lawn 6_Brens Pavillion,Royal Park,RP - Lawn 6_Brens Pavillion,,Y,N,,N,N,L,Y,N,N,N,"107,426",0,"587,540",2.43705273,87
POINT (144.9612333391193 -37.78788013831968),207,Princes Park:  PP - Ct2,Princes Park,PP - Ct2,,Y,N,,N,N,M,Y,N,N,N,"107,696",0,0,0,0
POINT (144.97821259791684 -37.83786569290351),48,Fawkner Park:  FP - Lawn 2,Fawkner Park,FP - Lawn 2,,Y,Y,,Y,N,M,N,N,N,N,"103,756",0,"578,355",75.91984284,79
POINT (144.95666911563225 -37.8218387826011),42,Batman Park:  BP - Lawn1,Batman Park,BP - Lawn1,,Y,Y,,Y,N,H,,N,N,N,"611,396",0,"625,420",58.90826433,61
POINT (144.93913254675704 -37.81595118177078),"1,226",Docklands:  Promotional Sites:  4.New Quay Promenade West,Docklands,Promotional Sites,4.New Quay Promenade West,Y,Y,,N,N,,,N,N,N,"593,731","23,297","604,303",21.63246747,133
POINT (144.94771155926824 -37.80606674183848),369,"Other Park Locations:  Hawke, Miller & Curzon St",Other Park Locations,"Hawke, Miller & Curzon St",,Y,Y,,N,N,L,,N,N,N,"110,906",0,"110,906",8.84776937,328
POINT (144.97640202807304 -37.81363858190839),298,Treasury Gardens:  TG - Lawn 5/JFK Memorial,Treasury Gardens,TG - Lawn 5/JFK Memorial,,Y,Y,,N,Y,M,,N,N,N,"108,996",0,"109,545",85.55440357,118
POINT (144.9769888623327 -37.82544855256293),199,Kings Domain:  KD - Grotto,Kings Domain,KD - Grotto,,Y,Y,,N,N,M,,N,N,N,"108,615",0,0,0,0
POINT (144.97357416146477 -37.81809223608963),408,Birrarung Marr:  BM - Upper Terrace,Birrarung Marr,BM - Upper Terrace,,Y,Y,,N,N,H,,N,N,N,"573,368",0,"586,155",30.18759601,174
POINT (144.9725910031422 -37.80961913141845),361,Other Park Locations:  Gillott Reserve,Other Park Locations,Gillott Reserve,,Y,Y,,N,N,L,,N,N,N,"105,667",0,"105,667",14.50985324,217
POINT (144.97400108745657 -37.8256038979912),181,Kings Domain:  KD - Lawn 6,Kings Domain,KD - Lawn 6,,Y,Y,,N,Y,M,,N,N,N,"108,615",0,"529,525",87.8359753,41
POINT (144.96288089932796 -37.80241985976288),377,Other Park Locations:  Lincoln Square - includes Bali Memorial,Other Park Locations,Lincoln Square - includes Bali Memorial,,Y,Y,,Y,N,L,,Y,N,N,"101,264",0,"621,145",82.9730718,341
POINT (144.98183534800913 -37.83985718618082),"1,355",Fawkner Park:  FP - Northern Pavilion East,Fawkner Park,FP - Northern Pavilion East,,Y,N,,N,N,M,Y,N,N,N,"103,756",0,"587,543",3.99128603,111
POINT (144.9818422834418 -37.81106886037066),112,Fitzroy Gardens:  FT - Lawn 7,Fitzroy Gardens,FT - Lawn 7,,Y,Y,,Y,Y,M,,N,N,N,"103,807",0,0,0,0
POINT (144.97510003291222 -37.82584897603365),197,Kings Domain:  KD - Lawn 7/Gazebo,Kings Domain,KD - Lawn 7/Gazebo,,Y,Y,,N,Y,M,,N,N,N,"108,615",0,"529,524",84.90757598,104
POINT (144.98036176101897 -37.84207961445361),74,Fawkner Park:  FP - Lawn 19 South_ T4_Ct5_S6,Fawkner Park,FP - Lawn 19 South_ T4_Ct5_S6,,Y,N,,N,N,M,Y,N,N,Y,"103,756",0,0,0,0
POINT (144.97091499439267 -37.82045612204152),6,Alexandra Gardens:  AG - Star Lawn,Alexandra Gardens,AG - Star Lawn,,Y,Y,,Y,N,H,,N,N,N,"101,101",0,"503,004",91.31570746,336
POINT (144.9612333391193 -37.78788013831968),212,Princes Park:  PP -  S3,Princes Park,PP -  S3,,Y,N,,N,N,M,Y,N,N,N,"107,696",0,0,0,0
POINT (144.97316890836038 -37.825622187644704),180,Kings Domain:  KD - Lawn 5,Kings Domain,KD - Lawn 5,,Y,Y,,N,Y,M,,N,N,N,"108,615",0,0,0,0
POINT (144.94493155458156 -37.81836832504971),"1,313",Docklands:  All Other Spaces:  Victoria Harbour Promenade East,Docklands,All Other Spaces,Victoria Harbour Promenade East,Y,Y,,N,N,,,N,N,N,"611,788","23,299","611,784",98.94673731,198
POINT (144.98130980829364 -37.81511693244376),135,Fitzroy Gardens:  FT - Lawn 29,Fitzroy Gardens,FT - Lawn 29,,Y,N,,N,Y,M,,N,N,N,"103,807",0,0,0,0
POINT (144.97167207484955 -37.8062220021546),35,Carlton Gardens:  CG - Lawn 17,Carlton Gardens,CG - Lawn 17,,Y,N,,N,Y,L,,N,N,N,"108,268",0,"546,082",72.92859882,223
POINT (144.98125044044048 -37.84409411042584),93,Fawkner Park:  FP - Lawn 20 East_T5_T7_M2_Ct4,Fawkner Park,FP - Lawn 20 East_T5_T7_M2_Ct4,,Y,N,,N,N,M,Y,N,N,Y,"103,756",0,0,0,0
POINT (144.97202512594478 -37.823845823878564),177,Kings Domain:  KD - Lawn 3,Kings Domain,KD - Lawn 3,,Y,Y,,Y,N,M,,N,N,N,"108,615",0,0,0,0
POINT (144.97209370154812 -37.82222654478082),234,Queen Victoria Gardens:  QV - Lawn 8/Janet Lady Clarke Rotunda,Queen Victoria Gardens,QV - Lawn 8/Janet Lady Clarke Rotunda,,Y,Y,,N,Y,L,,N,N,N,"111,022",0,"111,022",97.14148642,159
POINT (144.98229287122496 -37.81257102411102),140,Fitzroy Gardens:  FT- Lawn 18/Temple of the Winds,Fitzroy Gardens,FT- Lawn 18/Temple of the Winds,,Y,N,,N,Y,M,,N,N,N,"103,807",0,"102,006",96.01036777,339
POINT (144.97631903062583 -37.83686941272227),399,Other Park Locations:  Toorak & St Kilda Road,Other Park Locations,Toorak & St Kilda Road,,Y,Y,,N,N,L,,N,N,N,"587,425",0,"109,540",31.95759795,48
POINT (144.97272275612292 -37.80655618975174),39,Carlton Gardens:  CG - Lawn 21,Carlton Gardens,CG - Lawn 21,,Y,N,,N,Y,L,,N,N,N,"108,268",0,0,0,0
POINT (144.94447700468683 -37.8152469130705),"1,224",Docklands:  Promotional Sites:  2.Harbour Esplanade North,Docklands,Promotional Sites,2.Harbour Esplanade North,Y,Y,,N,N,,,N,N,N,"611,785","22,452","611,785",15.01484336,20
POINT (144.98237744450677 -37.84179927057013),62,Fawkner Park:  FP - Lawn 16 North East_SB5_Cs5,Fawkner Park,FP - Lawn 16 North East_SB5_Cs5,,Y,N,,N,N,M,Y,N,N,N,"103,756",0,0,0,0
POINT (144.9716331365811 -37.821741117796826),227,Queen Victoria Gardens:  QV - Lawn 6,Queen Victoria Gardens,QV - Lawn 6,,Y,Y,,N,Y,L,,N,N,N,"111,022",0,"111,022",51.75918514,200
POINT (144.95138817821424 -37.80722985858516),355,Other Park Locations:  Eades Park,Other Park Locations,Eades Park,,Y,Y,,N,N,L,,Y,N,N,"103,031",0,"511,025",28.88152155,240
POINT (144.91570500420156 -37.79509438558714),"1,372",Other Park Locations:  Riverside Park,Other Park Locations,Riverside Park,,Y,Y,,N,N,L,,N,N,N,"102,249",0,0,0,0
POINT (144.97695462618063 -37.81472178562492),297,Treasury Gardens:  TG - Lawn 7,Treasury Gardens,TG - Lawn 7,,Y,Y,,N,Y,M,,N,N,N,"108,996",0,"531,039",81.34633198,60
POINT (144.97906793552542 -37.81298697778184),121,Fitzroy Gardens:  FT - Lawn 16/Plane Trees Walk,Fitzroy Gardens,FT - Lawn 16/Plane Trees Walk,,Y,Y,,N,Y,M,,N,N,N,"103,807",0,0,0,0
POINT (144.96152285042714 -37.78533714442047),204,Princes Park:  PP - Jogging Track,Princes Park,PP - Jogging Track,,Y,N,,N,N,M,Y,N,N,Y,"107,696",0,0,0,0
POINT (144.9530654381132 -37.77810073831752),272,Royal Park:  RP - Lawn 9_Western Ct_F1_L1_L2,Royal Park,RP - Lawn 9_Western Ct_F1_L1_L2,,Y,N,,N,N,L,Y,N,N,N,"107,426",0,0,0,0
POINT (144.9558837698553 -37.781385849986435),284,Royal Park:  RP - Poplar Pavilion,Royal Park,RP - Poplar Pavilion,,Y,N,,N,N,L,Y,N,N,N,"107,426",0,"110,274",6.46392703,302
POINT (144.94591426383275 -37.8185275492596),"1,394",Docklands:  All Other Spaces:  NAB forecourt,Docklands,All Other Spaces,NAB forecourt,Y,Y,,N,N,,,N,N,N,"611,788","23,299","600,824",67.23392979,13
POINT (144.98221959000998 -37.81421592609631),125,Fitzroy Gardens:  FT - Lawn 20,Fitzroy Gardens,FT - Lawn 20,,Y,N,,N,Y,M,,N,N,N,"103,807",0,"102,010",74.99067918,353
POINT (144.97311873626808 -37.82085534193359),8,Alexandra Gardens:  AG - Dorchester Lawn,Alexandra Gardens,AG - Dorchester Lawn,,Y,Y,,N,N,H,,N,N,N,"101,101",0,"503,001",24.78418123,199
POINT (144.97922588127173 -37.81366726003603),128,Fitzroy Gardens:  FT - Lawn 23,Fitzroy Gardens,FT - Lawn 23,,Y,N,,N,Y,M,,N,N,N,"103,807",0,"111,454",75.69132777,219
POINT (144.96740800459668 -37.81680770194005),390,Other Park Locations:  St Paul's Cathedral,Other Park Locations,St Paul's Cathedral,,Y,N,,N,N,L,,N,N,N,"110,760",0,"531,607",37.59494902,200
POINT (144.96202212305715 -37.82105703258188),"1,210",Promotional Spaces:  Queensbridge Square,Promotional Spaces,Queensbridge Square,,Y,Y,,N,N,,,N,N,N,"573,923","22,909","596,471",43.7550729,208
POINT (144.98007344833556 -37.810716928218625),109,Fitzroy Gardens:  FT - Lawn 4,Fitzroy Gardens,FT - Lawn 4,,Y,Y,,Y,Y,M,,N,N,N,"103,807",0,"100,358",92.41920853,94
POINT (144.9442602128394 -37.7835554018556),279,Royal Park:  RP - Ross Straw Pavilion,Royal Park,RP - Ross Straw Pavilion,,Y,N,,N,N,L,Y,N,N,N,"107,426",0,"622,034",1.92265838,347
POINT (144.94502698055896 -37.820333013933215),"1,335",Docklands:  Parks:  Victoria Green,Docklands,Parks,Victoria Green,Y,Y,,N,N,L,N,N,N,N,"622,440",0,"638,117",35.46487353,97
POINT (144.97065806608953 -37.82274632124668),235,Queen Victoria Gardens:  QV - Lawn 11/Floral Clock,Queen Victoria Gardens,QV - Lawn 11/Floral Clock,,Y,N,,N,Y,L,,N,N,N,"111,022",0,0,0,0
POINT (144.94671143397167 -37.82080116244484),"1,221",Docklands:  Parks:  Docklands Park,Docklands,Parks,Docklands Park,Y,Y,,N,N,L,N,Y,N,N,"592,862",0,"588,912",72.76344912,17
POINT (144.976067122562 -37.82511501234561),198,Kings Domain:  KD - Pioneer Women's Memorial,Kings Domain,KD - Pioneer Women's Memorial,,Y,Y,,N,Y,M,,N,N,N,"108,615",0,0,0,0
POINT (144.9740936152342 -37.79315160624854),348,Other Park Locations:  Canning St Reserve (Neill St),Other Park Locations,Canning St Reserve (Neill St),,Y,Y,,N,N,L,,N,N,N,"106,893",0,"580,223",11.21226994,279
POINT (144.98909111672506 -37.81282564886206),354,Other Park Locations:  Darling Square,Other Park Locations,Darling Square,,Y,Y,,N,N,L,,N,N,N,"102,411",0,"102,411",40.2685501,353
POINT (144.96131042982304 -37.78069121952157),218,Princes Park:  PP - Lawn 5 (DOG OFF LEASH),Princes Park,PP - Lawn 5 (DOG OFF LEASH),,Y,Y,,N,N,M,N,N,N,Y,"107,696",0,0,0,0
POINT (144.97217670047405 -37.82043882334664),7,Alexandra Gardens:  AG - Lawn5/Engineers Lawn,Alexandra Gardens,AG - Lawn5/Engineers Lawn,,Y,Y,,N,N,H,,N,N,N,"101,101",0,"503,004",49.28361121,236
POINT (144.98373298006237 -37.840740868214844),60,Fawkner Park:  FP - Lawn 14_SUB2_Grass Netball Courts,Fawkner Park,FP - Lawn 14_SUB2_Grass Netball Courts,,Y,Y,,N,N,M,Y,Y,N,N,"103,756",0,0,0,0
POINT (144.94267439979842 -37.82348746663394),"1,227",Docklands:  Promotional Sites:  5.Yarra's Edge (River Esplanade),Docklands,Promotional Sites,5.Yarra's Edge (River Esplanade),Y,Y,,N,N,,,N,N,N,"611,697",0,"663,770",38.02059687,315
POINT (144.97562787226252 -37.82368258126105),183,Kings Domain:  KD - Lawn 8,Kings Domain,KD - Lawn 8,,Y,Y,,N,N,M,,N,N,N,"108,615",0,0,0,0
POINT (144.96941128927938 -37.82000845635013),419,Alexandra Gardens:  AG - Lawn2/Peppercorn Lawn,Alexandra Gardens,AG - Lawn2/Peppercorn Lawn,,Y,Y,,Y,N,H,,N,N,N,"101,101",0,0,0,0
POINT (144.9760041522687 -37.81495896271758),294,Treasury Gardens:  TG - Lawn 4,Treasury Gardens,TG - Lawn 4,,Y,Y,,N,Y,M,,N,N,N,"108,996",0,0,0,0
POINT (144.94071830480414 -37.820390798392886),"1,627",Docklands:  Parks:  Buluk Park,Docklands,Parks,Buluk Park,Y,Y,,N,N,L,N,N,N,N,"651,910",0,"651,910",36.44455572,308
POINT (144.9639539668349 -37.81016918630516),542,Promotional Spaces:  Melbourne Central Station - Swanston Street,Promotional Spaces,Melbourne Central Station - Swanston Street,,Y,N,,N,N,,,N,N,N,0,"20,161","532,307",18.70816243,279
POINT (144.98224942953067 -37.81325219530026),124,Fitzroy Gardens:  FT - Lawn 19,Fitzroy Gardens,FT - Lawn 19,,Y,Y,,Y,Y,M,,N,N,N,"103,807",0,"111,456",85.63768375,173
POINT (144.97160935341145 -37.82501390648506),420,Tom's Block:  Tom's Block,Tom's Block,Tom's Block,,Y,Y,,Y,N,M,,N,N,N,"108,615",0,0,0,0
POINT (144.9543185279741 -37.81054114458603),154,Flagstaff Gardens:  FG - Lawn 7/Outdoor Stage,Flagstaff Gardens,FG - Lawn 7/Outdoor Stage,,Y,Y,,N,Y,M,,N,N,N,"102,942",0,"102,941",98.30666989,45
POINT (144.9574659757651 -37.7888362464939),352,Other Park Locations:  Clunies Ross Reserve (The Avenue),Other Park Locations,Clunies Ross Reserve (The Avenue),,Y,Y,,N,N,L,,N,N,N,"110,940",0,"110,940",39.4869707,264
POINT (144.93911928904672 -37.796358453208505),351,Other Park Locations:  Clayton Reserve,Other Park Locations,Clayton Reserve,,Y,Y,,N,N,L,,N,N,Y,"106,339",0,"106,339",42.40450422,64
POINT (144.9685428864335 -37.82575943488854),364,Other Park Locations:  Grant St Reserve,Other Park Locations,Grant St Reserve,,Y,Y,,N,N,L,,N,N,N,0,"22,824","108,656",8.22487985,5
POINT (144.9729865712068 -37.80165263164489),21,Carlton Gardens:  CG - Lawn 3,Carlton Gardens,CG - Lawn 3,,Y,N,,N,Y,L,,N,N,N,"108,269",0,"101,736",73.72515164,83
POINT (144.96588887966234 -37.80243730306906),"1,362",Other Park Locations:  Argyle Square Stage Only,Other Park Locations,Argyle Square Stage Only,,Y,Y,,N,N,L,,N,N,N,"106,097",0,"100,575",61.96847942,83
POINT (144.97349935358883 -37.80982526738648),418,Other Park Locations:  Parliament Reserve,Other Park Locations,Parliament Reserve,,Y,Y,,N,N,L,,N,N,N,"106,982",0,"106,982",45.92665311,59
POINT (144.9602987202407 -37.800998173908575),400,Other Park Locations:  University Square,Other Park Locations,University Square,,Y,Y,,Y,N,L,,N,N,N,"107,552",0,"502,486",65.5112548,169
POINT (144.95524934044755 -37.82664251858025),382,Other Park Locations:  Normanby Road Reserve,Other Park Locations,Normanby Road Reserve,,Y,Y,,N,N,L,,N,N,N,"624,055",0,"624,055",14.63335226,58
