index,name,female,male,wheelchair,operator,baby_facil,lat,lon,distance,poi_id
35,Public Toilet - Toilet 131 - Royal Park (Flemington Rd - Near North Park Tennis Club),yes,yes,yes,City of Melbourne,no,-37.790174410412384,144.94366905096862,30.69810045546686,1
50,"Public Toilet - Toilet 120 - Royal Park, Wetland (off Oak Street)",yes,yes,yes,City of Melbourne,no,-37.78303248417686,144.94185635299425,36.60417180590374,1
17,Public Toilet - Toilet 177 - Bellair Street (Opposite 180 Bellair Street),yes,yes,yes,City of Melbourne,no,-37.79373229128235,144.93035186163308,66.89366153478939,1
30,Public Toilet - Town Hall Melbourne (200 Collins Street),yes,yes,yes,City of Melbourne,yes,-37.81521576619692,144.96694328510318,6.399729737134266,2
61,Public Toilet - Toilet 46 - Bourke Street (opposite 225 Bourke Street),yes,yes,yes,City of Melbourne,no,-37.81324543360198,144.96689658968143,6.669144077065045,2
4,Public Toilet - Toilet 6 - Elizabeth Street (Toilet Adjacent 200 Elizabeth Street),yes,no,no,City of Melbourne,no,-37.813837792176315,144.96309721024045,22.597263069463864,2
30,Public Toilet - Town Hall Melbourne (200 Collins Street),yes,yes,yes,City of Melbourne,yes,-37.81521576619692,144.96694328510318,3.0488744488594883,3
61,Public Toilet - Toilet 46 - Bourke Street (opposite 225 Bourke Street),yes,yes,yes,City of Melbourne,no,-37.81324543360198,144.96689658968143,10.755593738443533,3
72,Public Toilet - Toilet 41 - Flinders Street (No 245 Flinders Street Station),yes,yes,yes,City of Melbourne,no,-37.817903197056154,144.9662642552638,20.316103436148026,3
15,Public Toilet - Toilet 145 - Carlton Gardens South (Opposite 39 Rathdowne Street),yes,yes,yes,City of Melbourne,no,-37.80625893301874,144.9692027022002,13.143686283276848,4
21,Public Toilet - Toilet 138 - Carlton Gardens North (Opposite 199 Rathdowne Street),yes,yes,yes,City of Melbourne,no,-37.802645554985105,144.969821287215,23.677584180033726,4
19,Public Toilet - Toilet 124 - Nicholson Street (1A Nicholson Street),no,yes,no,City of Melbourne,no,-37.80945202894246,144.97307695563703,24.443498910689065,4
13,Public Toilet - Toilet 6 - Elizabeth Street (Toilet Adjacent 200 Elizabeth Street),no,yes,no,City of Melbourne,no,-37.81343920794399,144.9629227264507,10.408335545070603,5
4,Public Toilet - Toilet 6 - Elizabeth Street (Toilet Adjacent 200 Elizabeth Street),yes,no,no,City of Melbourne,no,-37.813837792176315,144.96309721024045,13.169389235185557,5
26,Public Toilet - Toilet 36 - Lonsdale Street (Opposite 424 Lonsdale Street),yes,yes,yes,City of Melbourne,U,-37.8129330992456,144.9600121469519,16.674604342725623,5
39,Public Toilet - Toilet 12 - Exhibition Street (Opposite 242 Exhibition Street),no,yes,no,City of Melbourne,no,-37.80954604636232,144.9694071187106,8.768734901923954,6
36,Public Toilet - Toilet 11 - Lonsdale Street (Opposite 88 Lonsdale Street),yes,yes,yes,City of Melbourne,no,-37.8100356799286,144.9699024633049,11.020467096970018,6
18,Public Toilet - Toilet 7 - Latrobe Street (Adjacent 120 La Trobe Street),no,yes,no,City of Melbourne,no,-37.80894206847336,144.96564884552268,17.753023393976605,6
14,Public Toilet - Toilet 1 - Lonsdale Street (Opposite 581 Lonsdale Street),yes,yes,yes,City of Melbourne,no,-37.814345522392365,144.9551179464378,16.843513588883972,7
11,Public Toilet - Toilet 169 - Batman Park (2A Spencer Street),yes,yes,yes,City of Melbourne,no,-37.82172068166997,144.95557809313962,30.61114960712158,7
20,Public Toilet - Toilet 4 - Market Street (Opposite 74 Market Street),yes,yes,yes,City of Melbourne,no,-37.81746989209639,144.96025433528794,34.2987619155061,7
7,Public Toilet - Toilet 154 - Flagstaff Gardens (cnr William & Dudley),yes,yes,yes,City of Melbourne,no,-37.80891324235132,144.95504018635694,18.049673180703017,8
14,Public Toilet - Toilet 1 - Lonsdale Street (Opposite 581 Lonsdale Street),yes,yes,yes,City of Melbourne,no,-37.814345522392365,144.9551179464378,31.708484262869565,8
2,Public Toilet - Queen Victoria Market (153 Victoria Street),yes,yes,no,City of Melbourne,no,-37.80612149907781,144.95653844268273,36.31585055604706,8
67,Public Toilet - Toilet 13 - Queensberry Street (Opposite 530 Queensberry Street),,,,City of Melbourne,no,-37.803094275484256,144.94994632091922,24.206292456070777,9
45,Public Toilet - Toilet 170 - Queensberry Street (Opposite 530 Queensberry Street),no,yes,no,City of Melbourne,no,-37.803077866412245,144.94986517956968,24.72311301184636,9
2,Public Toilet - Queen Victoria Market (153 Victoria Street),yes,yes,no,City of Melbourne,no,-37.80612149907781,144.95653844268273,25.79618450954167,9
15,Public Toilet - Toilet 145 - Carlton Gardens South (Opposite 39 Rathdowne Street),yes,yes,yes,City of Melbourne,no,-37.80625893301874,144.9692027022002,15.509639218340716,10
58,Public Toilet - Toilet 178 -  Argyle Place North (Opposite 4 Argyle Place North),yes,yes,yes,City of Melbourne,no,-37.80207629420745,144.96642403988702,20.432824746359568,10
21,Public Toilet - Toilet 138 - Carlton Gardens North (Opposite 199 Rathdowne Street),yes,yes,yes,City of Melbourne,no,-37.802645554985105,144.969821287215,24.39655607372765,10
29,Public Toilet - Toilet 34 - Franklin Street (Opposite 80 Franklin Street),yes,yes,yes,City of Melbourne,no,-37.8082334704767,144.96018687493768,14.262724727584994,11
26,Public Toilet - Toilet 36 - Lonsdale Street (Opposite 424 Lonsdale Street),yes,yes,yes,City of Melbourne,U,-37.8129330992456,144.9600121469519,15.875169424183744,11
57,Public Toilet - Queen Victoria Market (465 Queen Street),yes,yes,yes,City of Melbourne,yes,-37.807831221471965,144.95795526595654,20.648600701329507,11
18,Public Toilet - Toilet 7 - Latrobe Street (Adjacent 120 La Trobe Street),no,yes,no,City of Melbourne,no,-37.80894206847336,144.96564884552268,14.738225142825616,12
13,Public Toilet - Toilet 6 - Elizabeth Street (Toilet Adjacent 200 Elizabeth Street),no,yes,no,City of Melbourne,no,-37.81343920794399,144.9629227264507,20.01026601217454,12
4,Public Toilet - Toilet 6 - Elizabeth Street (Toilet Adjacent 200 Elizabeth Street),yes,no,no,City of Melbourne,no,-37.813837792176315,144.96309721024045,22.16765487996819,12
30,Public Toilet - Town Hall Melbourne (200 Collins Street),yes,yes,yes,City of Melbourne,yes,-37.81521576619692,144.96694328510318,10.989819390402285,13
61,Public Toilet - Toilet 46 - Bourke Street (opposite 225 Bourke Street),yes,yes,yes,City of Melbourne,no,-37.81324543360198,144.96689658968143,13.458309711561109,13
37,Public Toilet - Toilet 13 - Exhibition Street (Opposite 77 Exhibition Street),yes,yes,yes,City of Melbourne,no,-37.81384641664995,144.97137409472109,18.470079755327834,13
37,Public Toilet - Toilet 13 - Exhibition Street (Opposite 77 Exhibition Street),yes,yes,yes,City of Melbourne,no,-37.81384641664995,144.97137409472109,14.356504703803552,14
30,Public Toilet - Town Hall Melbourne (200 Collins Street),yes,yes,yes,City of Melbourne,yes,-37.81521576619692,144.96694328510318,15.092964236705285,14
61,Public Toilet - Toilet 46 - Bourke Street (opposite 225 Bourke Street),yes,yes,yes,City of Melbourne,no,-37.81324543360198,144.96689658968143,16.157542725461195,14
48,Public Toilet - Toilet 122 - Treasury Gardens (Store and Toilet),yes,yes,yes,City of Melbourne,no,-37.813418435008906,144.97746700744847,29.840457346081923,15
19,Public Toilet - Toilet 124 - Nicholson Street (1A Nicholson Street),no,yes,no,City of Melbourne,no,-37.80945202894246,144.97307695563703,33.10883920748878,15
63,Public Toilet - Toilet 125 - Gordon Reserve (74-108 Spring Street),yes,no,no,City of Melbourne,no,-37.812240775587135,144.97392555886628,35.13218962239875,15
19,Public Toilet - Toilet 124 - Nicholson Street (1A Nicholson Street),no,yes,no,City of Melbourne,no,-37.80945202894246,144.97307695563703,13.92988664152078,16
63,Public Toilet - Toilet 125 - Gordon Reserve (74-108 Spring Street),yes,no,no,City of Melbourne,no,-37.812240775587135,144.97392555886628,18.22806197771988,16
48,Public Toilet - Toilet 122 - Treasury Gardens (Store and Toilet),yes,yes,yes,City of Melbourne,no,-37.813418435008906,144.97746700744847,27.488711878874998,16
63,Public Toilet - Toilet 125 - Gordon Reserve (74-108 Spring Street),yes,no,no,City of Melbourne,no,-37.812240775587135,144.97392555886628,13.993136472158954,17
48,Public Toilet - Toilet 122 - Treasury Gardens (Store and Toilet),yes,yes,yes,City of Melbourne,no,-37.813418435008906,144.97746700744847,19.078117749359762,17
19,Public Toilet - Toilet 124 - Nicholson Street (1A Nicholson Street),no,yes,no,City of Melbourne,no,-37.80945202894246,144.97307695563703,19.419882571254302,17
70,Public Toilet - Toilet 119 - Fitzroy Gardens Toilets (150 Clarendon Street),yes,yes,yes,City of Melbourne,no,-37.81203615704364,144.98307493665166,12.974072267319961,18
41,Public Toilet - Toilet 117 - Powlett Reserve (Opposite 128 Albert Street),yes,yes,yes,City of Melbourne,no,-37.81094232809633,144.98685873937842,30.585218457712152,18
28,Public Toilet - Toilet 118 - Fitzroy Gardens (2 Lansdowne Street),yes,yes,yes,City of Melbourne,no,-37.815278082082735,144.97758877995489,36.36296915499201,18
60,Public Toilet - Toilet 172 - Southbank Promenade (opposite Esso House),yes,yes,yes,City of Melbourne,no,-37.820342128586276,144.96421972799456,18.760053097047546,19
72,Public Toilet - Toilet 41 - Flinders Street (No 245 Flinders Street Station),yes,yes,yes,City of Melbourne,no,-37.817903197056154,144.9662642552638,20.114054624884993,19
71,Public Toilet - Toilet 110 - Queen Victoria Gardens (Linlithgow Avenue),yes,yes,yes,City of Melbourne,no,-37.82294828867767,144.97098568179825,27.613231478754795,19
45,Public Toilet - Toilet 170 - Queensberry Street (Opposite 530 Queensberry Street),no,yes,no,City of Melbourne,no,-37.803077866412245,144.94986517956968,14.242455900286512,20
67,Public Toilet - Toilet 13 - Queensberry Street (Opposite 530 Queensberry Street),,,,City of Melbourne,no,-37.803094275484256,144.94994632091922,14.724545419315128,20
73,Public Toilet - Toilet 136 - Ievers Reserve - Flemington Road,yes,yes,yes,City of Melbourne,no,-37.79679899805757,144.95196665126468,50.979382673123105,20
70,Public Toilet - Toilet 119 - Fitzroy Gardens Toilets (150 Clarendon Street),yes,yes,yes,City of Melbourne,no,-37.81203615704364,144.98307493665166,10.75035742721049,21
41,Public Toilet - Toilet 117 - Powlett Reserve (Opposite 128 Albert Street),yes,yes,yes,City of Melbourne,no,-37.81094232809633,144.98685873937842,14.27482749391675,21
48,Public Toilet - Toilet 122 - Treasury Gardens (Store and Toilet),yes,yes,yes,City of Melbourne,no,-37.813418435008906,144.97746700744847,47.31193923473165,21
31,Public Toilet - Toilet 137 - Faraday Street (Opposite 208-212 Faraday Street),yes,yes,no,City of Melbourne,no,-37.79870959701599,144.96759388009733,19.87718632905616,22
22,Public Toilet - Toilet 133- Canning Street Reserve (49 Princes Street),no,yes,no,City of Melbourne,no,-37.793011678725755,144.97399489761827,36.82847991253724,22
58,Public Toilet - Toilet 178 -  Argyle Place North (Opposite 4 Argyle Place North),yes,yes,yes,City of Melbourne,no,-37.80207629420745,144.96642403988702,42.51241250835855,22
21,Public Toilet - Toilet 138 - Carlton Gardens North (Opposite 199 Rathdowne Street),yes,yes,yes,City of Melbourne,no,-37.802645554985105,144.969821287215,3.117838093414502,23
58,Public Toilet - Toilet 178 -  Argyle Place North (Opposite 4 Argyle Place North),yes,yes,yes,City of Melbourne,no,-37.80207629420745,144.96642403988702,18.739263807309325,23
15,Public Toilet - Toilet 145 - Carlton Gardens South (Opposite 39 Rathdowne Street),yes,yes,yes,City of Melbourne,no,-37.80625893301874,144.9692027022002,23.500498418425366,23
35,Public Toilet - Toilet 131 - Royal Park (Flemington Rd - Near North Park Tennis Club),yes,yes,yes,City of Melbourne,no,-37.790174410412384,144.94366905096862,27.05849701687018,24
65,"Public Toilet - Toilet 55 - Royal Park (Nature Play, Opposite 51 Gatehouse Street)",yes,yes,yes,City of Melbourne,no,-37.795523148389,144.952142962802,43.8303560384364,24
73,Public Toilet - Toilet 136 - Ievers Reserve - Flemington Road,yes,yes,yes,City of Melbourne,no,-37.79679899805757,144.95196665126468,45.22487469249838,24
35,Public Toilet - Toilet 131 - Royal Park (Flemington Rd - Near North Park Tennis Club),yes,yes,yes,City of Melbourne,no,-37.790174410412384,144.94366905096862,39.336350932040865,25
73,Public Toilet - Toilet 136 - Ievers Reserve - Flemington Road,yes,yes,yes,City of Melbourne,no,-37.79679899805757,144.95196665126468,48.681181412982596,25
65,"Public Toilet - Toilet 55 - Royal Park (Nature Play, Opposite 51 Gatehouse Street)",yes,yes,yes,City of Melbourne,no,-37.795523148389,144.952142962802,49.95454279370442,25
35,Public Toilet - Toilet 131 - Royal Park (Flemington Rd - Near North Park Tennis Club),yes,yes,yes,City of Melbourne,no,-37.790174410412384,144.94366905096862,28.896462363731125,26
65,"Public Toilet - Toilet 55 - Royal Park (Nature Play, Opposite 51 Gatehouse Street)",yes,yes,yes,City of Melbourne,no,-37.795523148389,144.952142962802,67.35996478795009,26
73,Public Toilet - Toilet 136 - Ievers Reserve - Flemington Road,yes,yes,yes,City of Melbourne,no,-37.79679899805757,144.95196665126468,67.75133165253821,26
17,Public Toilet - Toilet 177 - Bellair Street (Opposite 180 Bellair Street),yes,yes,yes,City of Melbourne,no,-37.79373229128235,144.93035186163308,19.68816186147891,27
51,"Public Toilet - Toilet 162 - JJ Holland Park (Opposite, 48 Altona Street)",yes,yes,yes,City of Melbourne,no,-37.798125461506075,144.92642466756246,31.828793090707588,27
34,Public Toilet - Newmarket Reserve (26 Smithfield Road),yes,yes,no,City of Melbourne,no,-37.78848882114304,144.92356372197432,38.32610228370001,27
17,Public Toilet - Toilet 177 - Bellair Street (Opposite 180 Bellair Street),yes,yes,yes,City of Melbourne,no,-37.79373229128235,144.93035186163308,14.378188628324386,28
51,"Public Toilet - Toilet 162 - JJ Holland Park (Opposite, 48 Altona Street)",yes,yes,yes,City of Melbourne,no,-37.798125461506075,144.92642466756246,24.469339723371256,28
25,"Public Toilet - Toilet 173 - JJ Holland Park, Skate Park (113 Kensington Road)",yes,yes,yes,City of Melbourne,no,-37.798064023886866,144.92110584392117,50.52457552490989,28
30,Public Toilet - Town Hall Melbourne (200 Collins Street),yes,yes,yes,City of Melbourne,yes,-37.81521576619692,144.96694328510318,7.870687082245482,29
61,Public Toilet - Toilet 46 - Bourke Street (opposite 225 Bourke Street),yes,yes,yes,City of Melbourne,no,-37.81324543360198,144.96689658968143,11.904494708417648,29
37,Public Toilet - Toilet 13 - Exhibition Street (Opposite 77 Exhibition Street),yes,yes,yes,City of Melbourne,no,-37.81384641664995,144.97137409472109,21.61693078689581,29
56,Public Toilet - Toilet 104 - Kings Domain South (off Birdwood Avenue),yes,yes,yes,City of Melbourne,no,-37.830849124048974,144.97518226820782,30.238791842188462,30
53,Public Toilet - Toilet 103 - Kings Domain South (Opposite 169 Domain Road),yes,yes,yes,City of Melbourne,no,-37.83393826633729,144.98178404635058,32.630113249642825,30
44,"Public Toilet - Toilet 102 - Fawkner Park, North Pavilion (Female)",yes,no,no,City of Melbourne,no,-37.84001779326322,144.9812270146221,41.00359039353521,30
55,"Public Toilet - Toilet 44 - Fawkner Park, Opposite 150W Toorak Road",yes,yes,yes,City of Melbourne,no,-37.83825284124979,144.9843892199417,17.72663091361281,31
23,"Public Toilet - Toilet 102 - Fawkner Park, North Pavilion (Male)",no,yes,no,City of Melbourne,no,-37.840147692965054,144.98138308753738,27.06929699166795,31
44,"Public Toilet - Toilet 102 - Fawkner Park, North Pavilion (Female)",yes,no,no,City of Melbourne,no,-37.84001779326322,144.9812270146221,28.17046303669427,31
55,"Public Toilet - Toilet 44 - Fawkner Park, Opposite 150W Toorak Road",yes,yes,yes,City of Melbourne,no,-37.83825284124979,144.9843892199417,10.507923888135895,32
23,"Public Toilet - Toilet 102 - Fawkner Park, North Pavilion (Male)",no,yes,no,City of Melbourne,no,-37.840147692965054,144.98138308753738,30.784394884089608,32
44,"Public Toilet - Toilet 102 - Fawkner Park, North Pavilion (Female)",yes,no,no,City of Melbourne,no,-37.84001779326322,144.9812270146221,31.478217647188046,32
73,Public Toilet - Toilet 136 - Ievers Reserve - Flemington Road,yes,yes,yes,City of Melbourne,no,-37.79679899805757,144.95196665126468,35.127517084266614,33
59,Public Toilet - Toilet 100 - Royal Park - Native Garden (off Gatehouse Street),yes,yes,yes,City of Melbourne,no,-37.79251146448698,144.95685172084129,37.093998851826534,33
65,"Public Toilet - Toilet 55 - Royal Park (Nature Play, Opposite 51 Gatehouse Street)",yes,yes,yes,City of Melbourne,no,-37.795523148389,144.952142962802,37.18744073176055,33
19,Public Toilet - Toilet 124 - Nicholson Street (1A Nicholson Street),no,yes,no,City of Melbourne,no,-37.80945202894246,144.97307695563703,7.572163794392427,34
63,Public Toilet - Toilet 125 - Gordon Reserve (74-108 Spring Street),yes,no,no,City of Melbourne,no,-37.812240775587135,144.97392555886628,20.032561831680727,34
36,Public Toilet - Toilet 11 - Lonsdale Street (Opposite 88 Lonsdale Street),yes,yes,yes,City of Melbourne,no,-37.8100356799286,144.9699024633049,28.005790861898028,34
35,Public Toilet - Toilet 131 - Royal Park (Flemington Rd - Near North Park Tennis Club),yes,yes,yes,City of Melbourne,no,-37.790174410412384,144.94366905096862,37.43005416828338,35
50,"Public Toilet - Toilet 120 - Royal Park, Wetland (off Oak Street)",yes,yes,yes,City of Melbourne,no,-37.78303248417686,144.94185635299425,40.3960816412439,35
16,Public Toilet - Royal Park Brens Pavilion,yes,yes,no,City of Melbourne,no,-37.78622124839705,144.95500087587342,47.22726187878755,35
68,Public Toilet - Toilet 179 - Lincoln Square (138-142 Bouverie Street),yes,yes,yes,City of Melbourne,no,-37.80271182455448,144.9622681269577,18.871481802636495,36
0,Public Toilet - Toilet 140 - Queensberry Street (Opposite 286 Queensberry Street),no,yes,no,City of Melbourne,no,-37.803994634967296,144.95909066756946,24.317125237213414,36
5,Public Toilet - Toilet 142 - Queensberry Street (Adjacent 179 Queensberry Street),no,yes,no,City of Melbourne,no,-37.80463970714722,144.96285021945613,31.13623612645353,36
25,"Public Toilet - Toilet 173 - JJ Holland Park, Skate Park (113 Kensington Road)",yes,yes,yes,City of Melbourne,no,-37.798064023886866,144.92110584392117,102.50495287476153,37
27,Public Toilet - Ron Barassi Senior Park Pavilion,U,U,U,City of Melbourne,U,-37.81722059052804,144.93400271183995,106.66274879201136,37
8,"Public Toilet - Victoria Harbour, Shed 2 (North Wharf Road)",yes,yes,yes,City of Melbourne,no,-37.818924455699296,144.9342385117904,110.85754826640266,37
33,Public Toilet - Royal Park Golf Course Club House,yes,yes,no,City of Melbourne,no,-37.78187131786685,144.95614252894822,1.0984509852141615,38
16,Public Toilet - Royal Park Brens Pavilion,yes,yes,no,City of Melbourne,no,-37.78622124839705,144.95500087587342,28.682996113595202,38
40,Public Toilet - Toilet 127 - Princes Park Royal Parade (near Park Street),yes,yes,yes,City of Melbourne,no,-37.7789496090064,144.96046591899102,32.50349103908466,38
41,Public Toilet - Toilet 117 - Powlett Reserve (Opposite 128 Albert Street),yes,yes,yes,City of Melbourne,no,-37.81094232809633,144.98685873937842,5.468531055771493,39
70,Public Toilet - Toilet 119 - Fitzroy Gardens Toilets (150 Clarendon Street),yes,yes,yes,City of Melbourne,no,-37.81203615704364,144.98307493665166,26.71198223162174,39
48,Public Toilet - Toilet 122 - Treasury Gardens (Store and Toilet),yes,yes,yes,City of Melbourne,no,-37.813418435008906,144.97746700744847,63.124208911097575,39
6,Public Toilet - Toilet 128 - Princes Park South Playground (Princes Park Drive),yes,yes,yes,City of Melbourne,no,-37.7855983874526,144.9630353603256,11.790215870370819,40
64,Public Toilet - Toilet 52 - Princes Park (Adjacent Southern Sports Pavilion),yes,yes,yes,City of Melbourne,no,-37.78790482714769,144.95949479077186,28.983092024177807,40
40,Public Toilet - Toilet 127 - Princes Park Royal Parade (near Park Street),yes,yes,yes,City of Melbourne,no,-37.7789496090064,144.96046591899102,34.12527680072329,40
6,Public Toilet - Toilet 128 - Princes Park South Playground (Princes Park Drive),yes,yes,yes,City of Melbourne,no,-37.7855983874526,144.9630353603256,15.360896742583579,41
40,Public Toilet - Toilet 127 - Princes Park Royal Parade (near Park Street),yes,yes,yes,City of Melbourne,no,-37.7789496090064,144.96046591899102,30.160740041880025,41
64,Public Toilet - Toilet 52 - Princes Park (Adjacent Southern Sports Pavilion),yes,yes,yes,City of Melbourne,no,-37.78790482714769,144.95949479077186,32.623561604678756,41
57,Public Toilet - Queen Victoria Market (465 Queen Street),yes,yes,yes,City of Melbourne,yes,-37.807831221471965,144.95795526595654,5.475187994936568,42
2,Public Toilet - Queen Victoria Market (153 Victoria Street),yes,yes,no,City of Melbourne,no,-37.80612149907781,144.95653844268273,9.632402646802172,42
46,"Public Toilet - Queen Victoria Market - (Meat Hall / ""H"" Shed)",yes,yes,no,City of Melbourne,no,-37.80682129201847,144.95874700464088,10.963619850597574,42
21,Public Toilet - Toilet 138 - Carlton Gardens North (Opposite 199 Rathdowne Street),yes,yes,yes,City of Melbourne,no,-37.802645554985105,144.969821287215,14.895277924228498,43
15,Public Toilet - Toilet 145 - Carlton Gardens South (Opposite 39 Rathdowne Street),yes,yes,yes,City of Melbourne,no,-37.80625893301874,144.9692027022002,33.67938029941486,43
31,Public Toilet - Toilet 137 - Faraday Street (Opposite 208-212 Faraday Street),yes,yes,no,City of Melbourne,no,-37.79870959701599,144.96759388009733,34.08211449057443,43
18,Public Toilet - Toilet 7 - Latrobe Street (Adjacent 120 La Trobe Street),no,yes,no,City of Melbourne,no,-37.80894206847336,144.96564884552268,7.602091442707868,44
38,Public Toilet - Toilet 146 - Swanston Street (Opposite 475-511 Swanston Street),yes,no,no,City of Melbourne,no,-37.806805767380254,144.96264850030644,18.869433204202718,44
15,Public Toilet - Toilet 145 - Carlton Gardens South (Opposite 39 Rathdowne Street),yes,yes,yes,City of Melbourne,no,-37.80625893301874,144.9692027022002,25.57835736439028,44
1,Public Toilet - Toilet 106 - Kings Domain Government House Drive,yes,yes,no,City of Melbourne,no,-37.82691574923447,144.9746477838788,9.511107287205201,45
62,Public Toilet - Toilet 109 - Kings Domain Myer Music Bowl Rear of,yes,yes,yes,City of Melbourne,yes,-37.82289159858857,144.975280957334,18.35713429279387,45
71,Public Toilet - Toilet 110 - Queen Victoria Gardens (Linlithgow Avenue),yes,yes,yes,City of Melbourne,no,-37.82294828867767,144.97098568179825,25.695310405700905,45
71,Public Toilet - Toilet 110 - Queen Victoria Gardens (Linlithgow Avenue),yes,yes,yes,City of Melbourne,no,-37.82294828867767,144.97098568179825,15.86608909555251,46
54,Public Toilet - Toilet 48 - Birrarung Marr (Opposite Artplay),yes,yes,yes,City of Melbourne,no,-37.81859887229392,144.97105956826817,24.113132244087584,46
72,Public Toilet - Toilet 41 - Flinders Street (No 245 Flinders Street Station),yes,yes,yes,City of Melbourne,no,-37.817903197056154,144.9662642552638,29.015647800078938,46
71,Public Toilet - Toilet 110 - Queen Victoria Gardens (Linlithgow Avenue),yes,yes,yes,City of Melbourne,no,-37.82294828867767,144.97098568179825,18.25848675691484,47
54,Public Toilet - Toilet 48 - Birrarung Marr (Opposite Artplay),yes,yes,yes,City of Melbourne,no,-37.81859887229392,144.97105956826817,26.77763343182839,47
60,Public Toilet - Toilet 172 - Southbank Promenade (opposite Esso House),yes,yes,yes,City of Melbourne,no,-37.820342128586276,144.96421972799456,27.705513192709333,47
71,Public Toilet - Toilet 110 - Queen Victoria Gardens (Linlithgow Avenue),yes,yes,yes,City of Melbourne,no,-37.82294828867767,144.97098568179825,19.151233491664907,48
54,Public Toilet - Toilet 48 - Birrarung Marr (Opposite Artplay),yes,yes,yes,City of Melbourne,no,-37.81859887229392,144.97105956826817,23.695023809844283,48
72,Public Toilet - Toilet 41 - Flinders Street (No 245 Flinders Street Station),yes,yes,yes,City of Melbourne,no,-37.817903197056154,144.9662642552638,25.671400138186012,48
53,Public Toilet - Toilet 103 - Kings Domain South (Opposite 169 Domain Road),yes,yes,yes,City of Melbourne,no,-37.83393826633729,144.98178404635058,9.257314841433555,49
55,"Public Toilet - Toilet 44 - Fawkner Park, Opposite 150W Toorak Road",yes,yes,yes,City of Melbourne,no,-37.83825284124979,144.9843892199417,28.095256737529088,49
44,"Public Toilet - Toilet 102 - Fawkner Park, North Pavilion (Female)",yes,no,no,City of Melbourne,no,-37.84001779326322,144.9812270146221,30.458645691111474,49
25,"Public Toilet - Toilet 173 - JJ Holland Park, Skate Park (113 Kensington Road)",yes,yes,yes,City of Melbourne,no,-37.798064023886866,144.92110584392117,73.34720028996823,50
34,Public Toilet - Newmarket Reserve (26 Smithfield Road),yes,yes,no,City of Melbourne,no,-37.78848882114304,144.92356372197432,74.03610786219024,50
51,"Public Toilet - Toilet 162 - JJ Holland Park (Opposite, 48 Altona Street)",yes,yes,yes,City of Melbourne,no,-37.798125461506075,144.92642466756246,101.97977933523512,50
14,Public Toilet - Toilet 1 - Lonsdale Street (Opposite 581 Lonsdale Street),yes,yes,yes,City of Melbourne,no,-37.814345522392365,144.9551179464378,27.971540051936515,51
11,Public Toilet - Toilet 169 - Batman Park (2A Spencer Street),yes,yes,yes,City of Melbourne,no,-37.82172068166997,144.95557809313962,28.15629976094441,51
42,Public Toilet - Toilet 182 - Docklands Park South - 25 Harbour Esplanade,yes,yes,yes,City of Melbourne,yes,-37.82175860330799,144.9473834186781,42.01985133198801,51
19,Public Toilet - Toilet 124 - Nicholson Street (1A Nicholson Street),no,yes,no,City of Melbourne,no,-37.80945202894246,144.97307695563703,9.41353587486657,52
63,Public Toilet - Toilet 125 - Gordon Reserve (74-108 Spring Street),yes,no,no,City of Melbourne,no,-37.812240775587135,144.97392555886628,14.00251961445451,52
36,Public Toilet - Toilet 11 - Lonsdale Street (Opposite 88 Lonsdale Street),yes,yes,yes,City of Melbourne,no,-37.8100356799286,144.9699024633049,15.983356494822177,52
48,Public Toilet - Toilet 122 - Treasury Gardens (Store and Toilet),yes,yes,yes,City of Melbourne,no,-37.813418435008906,144.97746700744847,11.45616912240945,53
28,Public Toilet - Toilet 118 - Fitzroy Gardens (2 Lansdowne Street),yes,yes,yes,City of Melbourne,no,-37.815278082082735,144.97758877995489,11.785330610571366,53
63,Public Toilet - Toilet 125 - Gordon Reserve (74-108 Spring Street),yes,no,no,City of Melbourne,no,-37.812240775587135,144.97392555886628,18.82747505689756,53
18,Public Toilet - Toilet 7 - Latrobe Street (Adjacent 120 La Trobe Street),no,yes,no,City of Melbourne,no,-37.80894206847336,144.96564884552268,10.683071121591961,54
38,Public Toilet - Toilet 146 - Swanston Street (Opposite 475-511 Swanston Street),yes,no,no,City of Melbourne,no,-37.806805767380254,144.96264850030644,22.910958758684902,54
13,Public Toilet - Toilet 6 - Elizabeth Street (Toilet Adjacent 200 Elizabeth Street),no,yes,no,City of Melbourne,no,-37.81343920794399,144.9629227264507,23.767222495888404,54
30,Public Toilet - Town Hall Melbourne (200 Collins Street),yes,yes,yes,City of Melbourne,yes,-37.81521576619692,144.96694328510318,7.94602616702922,55
72,Public Toilet - Toilet 41 - Flinders Street (No 245 Flinders Street Station),yes,yes,yes,City of Melbourne,no,-37.817903197056154,144.9662642552638,16.020710889311527,55
61,Public Toilet - Toilet 46 - Bourke Street (opposite 225 Bourke Street),yes,yes,yes,City of Melbourne,no,-37.81324543360198,144.96689658968143,18.72856342075883,55
63,Public Toilet - Toilet 125 - Gordon Reserve (74-108 Spring Street),yes,no,no,City of Melbourne,no,-37.812240775587135,144.97392555886628,9.36432244158997,56
48,Public Toilet - Toilet 122 - Treasury Gardens (Store and Toilet),yes,yes,yes,City of Melbourne,no,-37.813418435008906,144.97746700744847,14.488219804022835,56
28,Public Toilet - Toilet 118 - Fitzroy Gardens (2 Lansdowne Street),yes,yes,yes,City of Melbourne,no,-37.815278082082735,144.97758877995489,21.18200155111238,56
70,Public Toilet - Toilet 119 - Fitzroy Gardens Toilets (150 Clarendon Street),yes,yes,yes,City of Melbourne,no,-37.81203615704364,144.98307493665166,17.793793042860372,57
41,Public Toilet - Toilet 117 - Powlett Reserve (Opposite 128 Albert Street),yes,yes,yes,City of Melbourne,no,-37.81094232809633,144.98685873937842,30.421357517016062,57
48,Public Toilet - Toilet 122 - Treasury Gardens (Store and Toilet),yes,yes,yes,City of Melbourne,no,-37.813418435008906,144.97746700744847,40.34515428684376,57
11,Public Toilet - Toilet 169 - Batman Park (2A Spencer Street),yes,yes,yes,City of Melbourne,no,-37.82172068166997,144.95557809313962,6.931645685604281,58
49,Public Toilet - Toilet 3 - Flinders Street (399 Flinders Street),yes,yes,yes,City of Melbourne,no,-37.81940611413847,144.96127683121782,33.08122467376491,58
20,Public Toilet - Toilet 4 - Market Street (Opposite 74 Market Street),yes,yes,yes,City of Melbourne,no,-37.81746989209639,144.96025433528794,35.990463946082194,58
14,Public Toilet - Toilet 1 - Lonsdale Street (Opposite 581 Lonsdale Street),yes,yes,yes,City of Melbourne,no,-37.814345522392365,144.9551179464378,15.457264655372775,59
7,Public Toilet - Toilet 154 - Flagstaff Gardens (cnr William & Dudley),yes,yes,yes,City of Melbourne,no,-37.80891324235132,144.95504018635694,22.685909780745718,59
26,Public Toilet - Toilet 36 - Lonsdale Street (Opposite 424 Lonsdale Street),yes,yes,yes,City of Melbourne,U,-37.8129330992456,144.9600121469519,23.82731692562154,59
10,Public Toilet - Toilet 107 - Alexandra Park,yes,yes,yes,City of Melbourne,no,-37.82764304616528,144.98181166075952,55.32814069309895,60
41,Public Toilet - Toilet 117 - Powlett Reserve (Opposite 128 Albert Street),yes,yes,yes,City of Melbourne,no,-37.81094232809633,144.98685873937842,68.93833382245613,60
70,Public Toilet - Toilet 119 - Fitzroy Gardens Toilets (150 Clarendon Street),yes,yes,yes,City of Melbourne,no,-37.81203615704364,144.98307493665166,69.3860704859444,60
28,Public Toilet - Toilet 118 - Fitzroy Gardens (2 Lansdowne Street),yes,yes,yes,City of Melbourne,no,-37.815278082082735,144.97758877995489,45.58887095638937,61
70,Public Toilet - Toilet 119 - Fitzroy Gardens Toilets (150 Clarendon Street),yes,yes,yes,City of Melbourne,no,-37.81203615704364,144.98307493665166,47.59975214216554,61
43,Public Toilet - Toilet 111 - Birrarung Marr Speakers Corner,yes,yes,yes,City of Melbourne,no,-37.82100477977538,144.97593322373976,48.2663318820418,61
16,Public Toilet - Royal Park Brens Pavilion,yes,yes,no,City of Melbourne,no,-37.78622124839705,144.95500087587342,25.696395709304703,62
33,Public Toilet - Royal Park Golf Course Club House,yes,yes,no,City of Melbourne,no,-37.78187131786685,144.95614252894822,34.481649097448724,62
64,Public Toilet - Toilet 52 - Princes Park (Adjacent Southern Sports Pavilion),yes,yes,yes,City of Melbourne,no,-37.78790482714769,144.95949479077186,56.135285605647724,62
11,Public Toilet - Toilet 169 - Batman Park (2A Spencer Street),yes,yes,yes,City of Melbourne,no,-37.82172068166997,144.95557809313962,23.781950035678612,63
42,Public Toilet - Toilet 182 - Docklands Park South - 25 Harbour Esplanade,yes,yes,yes,City of Melbourne,yes,-37.82175860330799,144.9473834186781,49.39472818009269,63
49,Public Toilet - Toilet 3 - Flinders Street (399 Flinders Street),yes,yes,yes,City of Melbourne,no,-37.81940611413847,144.96127683121782,57.51579875841887,63
11,Public Toilet - Toilet 169 - Batman Park (2A Spencer Street),yes,yes,yes,City of Melbourne,no,-37.82172068166997,144.95557809313962,29.08156791521387,64
42,Public Toilet - Toilet 182 - Docklands Park South - 25 Harbour Esplanade,yes,yes,yes,City of Melbourne,yes,-37.82175860330799,144.9473834186781,36.96058906249568,64
49,Public Toilet - Toilet 3 - Flinders Street (399 Flinders Street),yes,yes,yes,City of Melbourne,no,-37.81940611413847,144.96127683121782,66.8334231183935,64
11,Public Toilet - Toilet 169 - Batman Park (2A Spencer Street),yes,yes,yes,City of Melbourne,no,-37.82172068166997,144.95557809313962,20.93880387415915,65
42,Public Toilet - Toilet 182 - Docklands Park South - 25 Harbour Esplanade,yes,yes,yes,City of Melbourne,yes,-37.82175860330799,144.9473834186781,41.73638894940637,65
49,Public Toilet - Toilet 3 - Flinders Street (399 Flinders Street),yes,yes,yes,City of Melbourne,no,-37.81940611413847,144.96127683121782,58.26179106280034,65
8,"Public Toilet - Victoria Harbour, Shed 2 (North Wharf Road)",yes,yes,yes,City of Melbourne,no,-37.818924455699296,144.9342385117904,147.4094463184508,66
27,Public Toilet - Ron Barassi Senior Park Pavilion,U,U,U,City of Melbourne,U,-37.81722059052804,144.93400271183995,151.3152875096059,66
3,"Public Toilet - Victoria Harbour, Shed 3 (North Wharf Road)",no,yes,no,City of Melbourne,no,-37.819795975740334,144.93766540530564,164.9508336754457,66
60,Public Toilet - Toilet 172 - Southbank Promenade (opposite Esso House),yes,yes,yes,City of Melbourne,no,-37.820342128586276,144.96421972799456,11.227071969327556,67
72,Public Toilet - Toilet 41 - Flinders Street (No 245 Flinders Street Station),yes,yes,yes,City of Melbourne,no,-37.817903197056154,144.9662642552638,14.90797214491106,67
49,Public Toilet - Toilet 3 - Flinders Street (399 Flinders Street),yes,yes,yes,City of Melbourne,no,-37.81940611413847,144.96127683121782,30.289101461722034,67
32,Public Toilet - Toilet 105 -Sturt Street Reserve (280 Sturt Street),yes,yes,no,City of Melbourne,no,-37.830132537548096,144.96501222835187,26.592544088280654,68
71,Public Toilet - Toilet 110 - Queen Victoria Gardens (Linlithgow Avenue),yes,yes,yes,City of Melbourne,no,-37.82294828867767,144.97098568179825,33.19182641225067,68
60,Public Toilet - Toilet 172 - Southbank Promenade (opposite Esso House),yes,yes,yes,City of Melbourne,no,-37.820342128586276,144.96421972799456,44.31518238842624,68
32,Public Toilet - Toilet 105 -Sturt Street Reserve (280 Sturt Street),yes,yes,no,City of Melbourne,no,-37.830132537548096,144.96501222835187,22.439893074403116,69
71,Public Toilet - Toilet 110 - Queen Victoria Gardens (Linlithgow Avenue),yes,yes,yes,City of Melbourne,no,-37.82294828867767,144.97098568179825,37.19794126027938,69
60,Public Toilet - Toilet 172 - Southbank Promenade (opposite Esso House),yes,yes,yes,City of Melbourne,no,-37.820342128586276,144.96421972799456,46.860374407141094,69
19,Public Toilet - Toilet 124 - Nicholson Street (1A Nicholson Street),no,yes,no,City of Melbourne,no,-37.80945202894246,144.97307695563703,18.39611351069724,70
63,Public Toilet - Toilet 125 - Gordon Reserve (74-108 Spring Street),yes,no,no,City of Melbourne,no,-37.812240775587135,144.97392555886628,18.461417494373546,70
48,Public Toilet - Toilet 122 - Treasury Gardens (Store and Toilet),yes,yes,yes,City of Melbourne,no,-37.813418435008906,144.97746700744847,23.29359643408924,70
71,Public Toilet - Toilet 110 - Queen Victoria Gardens (Linlithgow Avenue),yes,yes,yes,City of Melbourne,no,-37.82294828867767,144.97098568179825,14.89639137722124,71
54,Public Toilet - Toilet 48 - Birrarung Marr (Opposite Artplay),yes,yes,yes,City of Melbourne,no,-37.81859887229392,144.97105956826817,25.827534377020914,71
66,Public Toilet - Toilet 112 - Alexandra Gardens (Riverslide Skate Park),yes,yes,yes,City of Melbourne,no,-37.8203552728411,144.97331290887433,30.20104810998416,71
30,Public Toilet - Town Hall Melbourne (200 Collins Street),yes,yes,yes,City of Melbourne,yes,-37.81521576619692,144.96694328510318,2.6907332054527036,72
61,Public Toilet - Toilet 46 - Bourke Street (opposite 225 Bourke Street),yes,yes,yes,City of Melbourne,no,-37.81324543360198,144.96689658968143,11.88541388694842,72
72,Public Toilet - Toilet 41 - Flinders Street (No 245 Flinders Street Station),yes,yes,yes,City of Melbourne,no,-37.817903197056154,144.9662642552638,18.121231441496523,72
42,Public Toilet - Toilet 182 - Docklands Park South - 25 Harbour Esplanade,yes,yes,yes,City of Melbourne,yes,-37.82175860330799,144.9473834186781,25.12032998408404,73
11,Public Toilet - Toilet 169 - Batman Park (2A Spencer Street),yes,yes,yes,City of Melbourne,no,-37.82172068166997,144.95557809313962,41.80732051006637,73
24,Public Toilet - Toilet 181 - Point Park (Point Park Crescent),yes,yes,yes,City of Melbourne,yes,-37.82331083443533,144.94182760665478,51.40817408778721,73
71,Public Toilet - Toilet 110 - Queen Victoria Gardens (Linlithgow Avenue),yes,yes,yes,City of Melbourne,no,-37.82294828867767,144.97098568179825,8.365994443864702,74
66,Public Toilet - Toilet 112 - Alexandra Gardens (Riverslide Skate Park),yes,yes,yes,City of Melbourne,no,-37.8203552728411,144.97331290887433,16.500245173064087,74
54,Public Toilet - Toilet 48 - Birrarung Marr (Opposite Artplay),yes,yes,yes,City of Melbourne,no,-37.81859887229392,144.97105956826817,19.38445468170493,74
62,Public Toilet - Toilet 109 - Kings Domain Myer Music Bowl Rear of,yes,yes,yes,City of Melbourne,yes,-37.82289159858857,144.975280957334,4.755432525988353,75
43,Public Toilet - Toilet 111 - Birrarung Marr Speakers Corner,yes,yes,yes,City of Melbourne,no,-37.82100477977538,144.97593322373976,16.896890111112068,75
66,Public Toilet - Toilet 112 - Alexandra Gardens (Riverslide Skate Park),yes,yes,yes,City of Melbourne,no,-37.8203552728411,144.97331290887433,20.968901280680026,75
11,Public Toilet - Toilet 169 - Batman Park (2A Spencer Street),yes,yes,yes,City of Melbourne,no,-37.82172068166997,144.95557809313962,16.14327472438719,76
49,Public Toilet - Toilet 3 - Flinders Street (399 Flinders Street),yes,yes,yes,City of Melbourne,no,-37.81940611413847,144.96127683121782,36.56523854872854,76
20,Public Toilet - Toilet 4 - Market Street (Opposite 74 Market Street),yes,yes,yes,City of Melbourne,no,-37.81746989209639,144.96025433528794,43.16879106135994,76
19,Public Toilet - Toilet 124 - Nicholson Street (1A Nicholson Street),no,yes,no,City of Melbourne,no,-37.80945202894246,144.97307695563703,20.71765333640838,77
63,Public Toilet - Toilet 125 - Gordon Reserve (74-108 Spring Street),yes,no,no,City of Melbourne,no,-37.812240775587135,144.97392555886628,26.74967278449553,77
48,Public Toilet - Toilet 122 - Treasury Gardens (Store and Toilet),yes,yes,yes,City of Melbourne,no,-37.813418435008906,144.97746700744847,30.715212227176128,77
54,Public Toilet - Toilet 48 - Birrarung Marr (Opposite Artplay),yes,yes,yes,City of Melbourne,no,-37.81859887229392,144.97105956826817,10.23008125598515,78
9,Public Toilet - Toilet 14 - Flinders Street (27 Flinders Street),no,yes,no,City of Melbourne,no,-37.815989825999864,144.97279836576897,20.68701778376134,78
72,Public Toilet - Toilet 41 - Flinders Street (No 245 Flinders Street Station),yes,yes,yes,City of Melbourne,no,-37.817903197056154,144.9662642552638,23.175284636891153,78
54,Public Toilet - Toilet 48 - Birrarung Marr (Opposite Artplay),yes,yes,yes,City of Melbourne,no,-37.81859887229392,144.97105956826817,14.102989816857207,79
72,Public Toilet - Toilet 41 - Flinders Street (No 245 Flinders Street Station),yes,yes,yes,City of Melbourne,no,-37.817903197056154,144.9662642552638,17.09830737657194,79
30,Public Toilet - Town Hall Melbourne (200 Collins Street),yes,yes,yes,City of Melbourne,yes,-37.81521576619692,144.96694328510318,21.128009164569523,79
70,Public Toilet - Toilet 119 - Fitzroy Gardens Toilets (150 Clarendon Street),yes,yes,yes,City of Melbourne,no,-37.81203615704364,144.98307493665166,43.9300206020424,80
28,Public Toilet - Toilet 118 - Fitzroy Gardens (2 Lansdowne Street),yes,yes,yes,City of Melbourne,no,-37.815278082082735,144.97758877995489,46.44666880144765,80
43,Public Toilet - Toilet 111 - Birrarung Marr Speakers Corner,yes,yes,yes,City of Melbourne,no,-37.82100477977538,144.97593322373976,52.68171585739806,80
12,"Public Toilet - Saint Mangos Lane, The Palladio (New Quay)",yes,yes,yes,City of Melbourne,no,-37.81435831108069,144.94168216712015,5.497427118947852,81
3,"Public Toilet - Victoria Harbour, Shed 3 (North Wharf Road)",no,yes,no,City of Melbourne,no,-37.819795975740334,144.93766540530564,38.460508549358536,81
27,Public Toilet - Ron Barassi Senior Park Pavilion,U,U,U,City of Melbourne,U,-37.81722059052804,144.93400271183995,49.89947926664432,81
27,Public Toilet - Ron Barassi Senior Park Pavilion,U,U,U,City of Melbourne,U,-37.81722059052804,144.93400271183995,21.747622990307047,82
8,"Public Toilet - Victoria Harbour, Shed 2 (North Wharf Road)",yes,yes,yes,City of Melbourne,no,-37.818924455699296,144.9342385117904,31.245859237269677,82
3,"Public Toilet - Victoria Harbour, Shed 3 (North Wharf Road)",no,yes,no,City of Melbourne,no,-37.819795975740334,144.93766540530564,37.70258865687709,82
12,"Public Toilet - Saint Mangos Lane, The Palladio (New Quay)",yes,yes,yes,City of Melbourne,no,-37.81435831108069,144.94168216712015,27.92208405652428,83
42,Public Toilet - Toilet 182 - Docklands Park South - 25 Harbour Esplanade,yes,yes,yes,City of Melbourne,yes,-37.82175860330799,144.9473834186781,38.913912730707345,83
24,Public Toilet - Toilet 181 - Point Park (Point Park Crescent),yes,yes,yes,City of Melbourne,yes,-37.82331083443533,144.94182760665478,53.85193455423292,83
42,Public Toilet - Toilet 182 - Docklands Park South - 25 Harbour Esplanade,yes,yes,yes,City of Melbourne,yes,-37.82175860330799,144.9473834186781,6.179525721141292,84
24,Public Toilet - Toilet 181 - Point Park (Point Park Crescent),yes,yes,yes,City of Melbourne,yes,-37.82331083443533,144.94182760665478,34.66095797172617,84
12,"Public Toilet - Saint Mangos Lane, The Palladio (New Quay)",yes,yes,yes,City of Melbourne,no,-37.81435831108069,144.94168216712015,53.24615666260989,84
12,"Public Toilet - Saint Mangos Lane, The Palladio (New Quay)",yes,yes,yes,City of Melbourne,no,-37.81435831108069,144.94168216712015,16.729355919928043,85
3,"Public Toilet - Victoria Harbour, Shed 3 (North Wharf Road)",no,yes,no,City of Melbourne,no,-37.819795975740334,144.93766540530564,31.63137643667254,85
27,Public Toilet - Ron Barassi Senior Park Pavilion,U,U,U,City of Melbourne,U,-37.81722059052804,144.93400271183995,35.329090827116794,85
10,Public Toilet - Toilet 107 - Alexandra Park,yes,yes,yes,City of Melbourne,no,-37.82764304616528,144.98181166075952,22.472918036972153,86
43,Public Toilet - Toilet 111 - Birrarung Marr Speakers Corner,yes,yes,yes,City of Melbourne,no,-37.82100477977538,144.97593322373976,55.1729549463688,86
62,Public Toilet - Toilet 109 - Kings Domain Myer Music Bowl Rear of,yes,yes,yes,City of Melbourne,yes,-37.82289159858857,144.975280957334,55.184902203767145,86
12,"Public Toilet - Saint Mangos Lane, The Palladio (New Quay)",yes,yes,yes,City of Melbourne,no,-37.81435831108069,144.94168216712015,7.073094205127154,87
3,"Public Toilet - Victoria Harbour, Shed 3 (North Wharf Road)",no,yes,no,City of Melbourne,no,-37.819795975740334,144.93766540530564,40.994203221456225,87
24,Public Toilet - Toilet 181 - Point Park (Point Park Crescent),yes,yes,yes,City of Melbourne,yes,-37.82331083443533,144.94182760665478,51.22213476142177,87
12,"Public Toilet - Saint Mangos Lane, The Palladio (New Quay)",yes,yes,yes,City of Melbourne,no,-37.81435831108069,144.94168216712015,17.851671575072075,88
42,Public Toilet - Toilet 182 - Docklands Park South - 25 Harbour Esplanade,yes,yes,yes,City of Melbourne,yes,-37.82175860330799,144.9473834186781,41.590880483787494,88
3,"Public Toilet - Victoria Harbour, Shed 3 (North Wharf Road)",no,yes,no,City of Melbourne,no,-37.819795975740334,144.93766540530564,42.31761002816859,88
12,"Public Toilet - Saint Mangos Lane, The Palladio (New Quay)",yes,yes,yes,City of Melbourne,no,-37.81435831108069,144.94168216712015,31.282504042295596,89
27,Public Toilet - Ron Barassi Senior Park Pavilion,U,U,U,City of Melbourne,U,-37.81722059052804,144.93400271183995,42.35392782984017,89
8,"Public Toilet - Victoria Harbour, Shed 2 (North Wharf Road)",yes,yes,yes,City of Melbourne,no,-37.818924455699296,144.9342385117904,51.21600393458479,89
24,Public Toilet - Toilet 181 - Point Park (Point Park Crescent),yes,yes,yes,City of Melbourne,yes,-37.82331083443533,144.94182760665478,1.758321039410442,90
42,Public Toilet - Toilet 182 - Docklands Park South - 25 Harbour Esplanade,yes,yes,yes,City of Melbourne,yes,-37.82175860330799,144.9473834186781,34.93803988700185,90
3,"Public Toilet - Victoria Harbour, Shed 3 (North Wharf Road)",no,yes,no,City of Melbourne,no,-37.819795975740334,144.93766540530564,36.101553278046886,90
34,Public Toilet - Newmarket Reserve (26 Smithfield Road),yes,yes,no,City of Melbourne,no,-37.78848882114304,144.92356372197432,5.555540917907681,91
17,Public Toilet - Toilet 177 - Bellair Street (Opposite 180 Bellair Street),yes,yes,yes,City of Melbourne,no,-37.79373229128235,144.93035186163308,60.04696981859795,91
25,"Public Toilet - Toilet 173 - JJ Holland Park, Skate Park (113 Kensington Road)",yes,yes,yes,City of Melbourne,no,-37.798064023886866,144.92110584392117,66.23089803699783,91
73,Public Toilet - Toilet 136 - Ievers Reserve - Flemington Road,yes,yes,yes,City of Melbourne,no,-37.79679899805757,144.95196665126468,22.884594551799225,92
65,"Public Toilet - Toilet 55 - Royal Park (Nature Play, Opposite 51 Gatehouse Street)",yes,yes,yes,City of Melbourne,no,-37.795523148389,144.952142962802,27.686663242616,92
67,Public Toilet - Toilet 13 - Queensberry Street (Opposite 530 Queensberry Street),,,,City of Melbourne,no,-37.803094275484256,144.94994632091922,41.30484169297197,92
42,Public Toilet - Toilet 182 - Docklands Park South - 25 Harbour Esplanade,yes,yes,yes,City of Melbourne,yes,-37.82175860330799,144.9473834186781,7.460919167363079,93
24,Public Toilet - Toilet 181 - Point Park (Point Park Crescent),yes,yes,yes,City of Melbourne,yes,-37.82331083443533,144.94182760665478,43.982284162865774,93
11,Public Toilet - Toilet 169 - Batman Park (2A Spencer Street),yes,yes,yes,City of Melbourne,no,-37.82172068166997,144.95557809313962,44.881629577976625,93
12,"Public Toilet - Saint Mangos Lane, The Palladio (New Quay)",yes,yes,yes,City of Melbourne,no,-37.81435831108069,144.94168216712015,35.10788028140425,94
27,Public Toilet - Ron Barassi Senior Park Pavilion,U,U,U,City of Melbourne,U,-37.81722059052804,144.93400271183995,39.54640970733672,94
8,"Public Toilet - Victoria Harbour, Shed 2 (North Wharf Road)",yes,yes,yes,City of Melbourne,no,-37.818924455699296,144.9342385117904,48.95548859834413,94
43,Public Toilet - Toilet 111 - Birrarung Marr Speakers Corner,yes,yes,yes,City of Melbourne,no,-37.82100477977538,144.97593322373976,17.47704309699573,95
62,Public Toilet - Toilet 109 - Kings Domain Myer Music Bowl Rear of,yes,yes,yes,City of Melbourne,yes,-37.82289159858857,144.975280957334,20.99891135276747,95
66,Public Toilet - Toilet 112 - Alexandra Gardens (Riverslide Skate Park),yes,yes,yes,City of Melbourne,no,-37.8203552728411,144.97331290887433,34.48438188531163,95
43,Public Toilet - Toilet 111 - Birrarung Marr Speakers Corner,yes,yes,yes,City of Melbourne,no,-37.82100477977538,144.97593322373976,17.752928827062387,96
62,Public Toilet - Toilet 109 - Kings Domain Myer Music Bowl Rear of,yes,yes,yes,City of Melbourne,yes,-37.82289159858857,144.975280957334,25.26299386821366,96
66,Public Toilet - Toilet 112 - Alexandra Gardens (Riverslide Skate Park),yes,yes,yes,City of Melbourne,no,-37.8203552728411,144.97331290887433,34.51306008986423,96
43,Public Toilet - Toilet 111 - Birrarung Marr Speakers Corner,yes,yes,yes,City of Melbourne,no,-37.82100477977538,144.97593322373976,10.69239452344594,97
62,Public Toilet - Toilet 109 - Kings Domain Myer Music Bowl Rear of,yes,yes,yes,City of Melbourne,yes,-37.82289159858857,144.975280957334,17.709722147749073,97
66,Public Toilet - Toilet 112 - Alexandra Gardens (Riverslide Skate Park),yes,yes,yes,City of Melbourne,no,-37.8203552728411,144.97331290887433,27.781891563845335,97
10,Public Toilet - Toilet 107 - Alexandra Park,yes,yes,yes,City of Melbourne,no,-37.82764304616528,144.98181166075952,28.912122208415397,98
43,Public Toilet - Toilet 111 - Birrarung Marr Speakers Corner,yes,yes,yes,City of Melbourne,no,-37.82100477977538,144.97593322373976,39.695952743363776,98
62,Public Toilet - Toilet 109 - Kings Domain Myer Music Bowl Rear of,yes,yes,yes,City of Melbourne,yes,-37.82289159858857,144.975280957334,41.503430126664924,98
21,Public Toilet - Toilet 138 - Carlton Gardens North (Opposite 199 Rathdowne Street),yes,yes,yes,City of Melbourne,no,-37.802645554985105,144.969821287215,13.19247955520408,99
15,Public Toilet - Toilet 145 - Carlton Gardens South (Opposite 39 Rathdowne Street),yes,yes,yes,City of Melbourne,no,-37.80625893301874,144.9692027022002,23.390568455582173,99
58,Public Toilet - Toilet 178 -  Argyle Place North (Opposite 4 Argyle Place North),yes,yes,yes,City of Melbourne,no,-37.80207629420745,144.96642403988702,34.71051961770669,99
21,Public Toilet - Toilet 138 - Carlton Gardens North (Opposite 199 Rathdowne Street),yes,yes,yes,City of Melbourne,no,-37.802645554985105,144.969821287215,7.21802882732307,100
15,Public Toilet - Toilet 145 - Carlton Gardens South (Opposite 39 Rathdowne Street),yes,yes,yes,City of Melbourne,no,-37.80625893301874,144.9692027022002,20.20595790670825,100
58,Public Toilet - Toilet 178 -  Argyle Place North (Opposite 4 Argyle Place North),yes,yes,yes,City of Melbourne,no,-37.80207629420745,144.96642403988702,28.106814360683174,100
71,Public Toilet - Toilet 110 - Queen Victoria Gardens (Linlithgow Avenue),yes,yes,yes,City of Melbourne,no,-37.82294828867767,144.97098568179825,18.12977144712241,101
60,Public Toilet - Toilet 172 - Southbank Promenade (opposite Esso House),yes,yes,yes,City of Melbourne,no,-37.820342128586276,144.96421972799456,34.49597432941353,101
54,Public Toilet - Toilet 48 - Birrarung Marr (Opposite Artplay),yes,yes,yes,City of Melbourne,no,-37.81859887229392,144.97105956826817,38.23670304236867,101
71,Public Toilet - Toilet 110 - Queen Victoria Gardens (Linlithgow Avenue),yes,yes,yes,City of Melbourne,no,-37.82294828867767,144.97098568179825,19.677226928408142,102
60,Public Toilet - Toilet 172 - Southbank Promenade (opposite Esso House),yes,yes,yes,City of Melbourne,no,-37.820342128586276,144.96421972799456,35.397305869154586,102
54,Public Toilet - Toilet 48 - Birrarung Marr (Opposite Artplay),yes,yes,yes,City of Melbourne,no,-37.81859887229392,144.97105956826817,40.49836932486669,102
71,Public Toilet - Toilet 110 - Queen Victoria Gardens (Linlithgow Avenue),yes,yes,yes,City of Melbourne,no,-37.82294828867767,144.97098568179825,23.3060835918677,103
60,Public Toilet - Toilet 172 - Southbank Promenade (opposite Esso House),yes,yes,yes,City of Melbourne,no,-37.820342128586276,144.96421972799456,30.898501605723872,103
72,Public Toilet - Toilet 41 - Flinders Street (No 245 Flinders Street Station),yes,yes,yes,City of Melbourne,no,-37.817903197056154,144.9662642552638,39.43776645377235,103
71,Public Toilet - Toilet 110 - Queen Victoria Gardens (Linlithgow Avenue),yes,yes,yes,City of Melbourne,no,-37.82294828867767,144.97098568179825,21.651594220600472,104
60,Public Toilet - Toilet 172 - Southbank Promenade (opposite Esso House),yes,yes,yes,City of Melbourne,no,-37.820342128586276,144.96421972799456,31.24349519982994,104
72,Public Toilet - Toilet 41 - Flinders Street (No 245 Flinders Street Station),yes,yes,yes,City of Melbourne,no,-37.817903197056154,144.9662642552638,38.87046356199415,104
71,Public Toilet - Toilet 110 - Queen Victoria Gardens (Linlithgow Avenue),yes,yes,yes,City of Melbourne,no,-37.82294828867767,144.97098568179825,10.408003729317882,105
54,Public Toilet - Toilet 48 - Birrarung Marr (Opposite Artplay),yes,yes,yes,City of Melbourne,no,-37.81859887229392,144.97105956826817,30.181952828010903,105
66,Public Toilet - Toilet 112 - Alexandra Gardens (Riverslide Skate Park),yes,yes,yes,City of Melbourne,no,-37.8203552728411,144.97331290887433,30.316891843440295,105
72,Public Toilet - Toilet 41 - Flinders Street (No 245 Flinders Street Station),yes,yes,yes,City of Melbourne,no,-37.817903197056154,144.9662642552638,17.230161260156084,106
54,Public Toilet - Toilet 48 - Birrarung Marr (Opposite Artplay),yes,yes,yes,City of Melbourne,no,-37.81859887229392,144.97105956826817,21.353782935668384,106
60,Public Toilet - Toilet 172 - Southbank Promenade (opposite Esso House),yes,yes,yes,City of Melbourne,no,-37.820342128586276,144.96421972799456,23.989691551457874,106
9,Public Toilet - Toilet 14 - Flinders Street (27 Flinders Street),no,yes,no,City of Melbourne,no,-37.815989825999864,144.97279836576897,13.393415476701842,107
54,Public Toilet - Toilet 48 - Birrarung Marr (Opposite Artplay),yes,yes,yes,City of Melbourne,no,-37.81859887229392,144.97105956826817,13.654866759866824,107
66,Public Toilet - Toilet 112 - Alexandra Gardens (Riverslide Skate Park),yes,yes,yes,City of Melbourne,no,-37.8203552728411,144.97331290887433,14.670149992233187,107
54,Public Toilet - Toilet 48 - Birrarung Marr (Opposite Artplay),yes,yes,yes,City of Melbourne,no,-37.81859887229392,144.97105956826817,3.264854958906222,108
66,Public Toilet - Toilet 112 - Alexandra Gardens (Riverslide Skate Park),yes,yes,yes,City of Melbourne,no,-37.8203552728411,144.97331290887433,16.674129300132453,108
9,Public Toilet - Toilet 14 - Flinders Street (27 Flinders Street),no,yes,no,City of Melbourne,no,-37.815989825999864,144.97279836576897,17.420526852518137,108
66,Public Toilet - Toilet 112 - Alexandra Gardens (Riverslide Skate Park),yes,yes,yes,City of Melbourne,no,-37.8203552728411,144.97331290887433,3.5873779029495694,109
54,Public Toilet - Toilet 48 - Birrarung Marr (Opposite Artplay),yes,yes,yes,City of Melbourne,no,-37.81859887229392,144.97105956826817,18.401485298512487,109
71,Public Toilet - Toilet 110 - Queen Victoria Gardens (Linlithgow Avenue),yes,yes,yes,City of Melbourne,no,-37.82294828867767,144.97098568179825,18.563583244895423,109
66,Public Toilet - Toilet 112 - Alexandra Gardens (Riverslide Skate Park),yes,yes,yes,City of Melbourne,no,-37.8203552728411,144.97331290887433,9.734584281919709,110
54,Public Toilet - Toilet 48 - Birrarung Marr (Opposite Artplay),yes,yes,yes,City of Melbourne,no,-37.81859887229392,144.97105956826817,13.619241410700191,110
71,Public Toilet - Toilet 110 - Queen Victoria Gardens (Linlithgow Avenue),yes,yes,yes,City of Melbourne,no,-37.82294828867767,144.97098568179825,15.800503683582603,110
63,Public Toilet - Toilet 125 - Gordon Reserve (74-108 Spring Street),yes,no,no,City of Melbourne,no,-37.812240775587135,144.97392555886628,7.036814109933773,111
19,Public Toilet - Toilet 124 - Nicholson Street (1A Nicholson Street),no,yes,no,City of Melbourne,no,-37.80945202894246,144.97307695563703,13.744376005993294,111
37,Public Toilet - Toilet 13 - Exhibition Street (Opposite 77 Exhibition Street),yes,yes,yes,City of Melbourne,no,-37.81384641664995,144.97137409472109,17.679793849663017,111
10,Public Toilet - Toilet 107 - Alexandra Park,yes,yes,yes,City of Melbourne,no,-37.82764304616528,144.98181166075952,53.62494282199643,112
53,Public Toilet - Toilet 103 - Kings Domain South (Opposite 169 Domain Road),yes,yes,yes,City of Melbourne,no,-37.83393826633729,144.98178404635058,80.12534146106894,112
41,Public Toilet - Toilet 117 - Powlett Reserve (Opposite 128 Albert Street),yes,yes,yes,City of Melbourne,no,-37.81094232809633,144.98685873937842,84.19296961003529,112
70,Public Toilet - Toilet 119 - Fitzroy Gardens Toilets (150 Clarendon Street),yes,yes,yes,City of Melbourne,no,-37.81203615704364,144.98307493665166,29.107907441507713,113
28,Public Toilet - Toilet 118 - Fitzroy Gardens (2 Lansdowne Street),yes,yes,yes,City of Melbourne,no,-37.815278082082735,144.97758877995489,39.207067751238434,113
41,Public Toilet - Toilet 117 - Powlett Reserve (Opposite 128 Albert Street),yes,yes,yes,City of Melbourne,no,-37.81094232809633,144.98685873937842,41.25278897451681,113
35,Public Toilet - Toilet 131 - Royal Park (Flemington Rd - Near North Park Tennis Club),yes,yes,yes,City of Melbourne,no,-37.790174410412384,144.94366905096862,56.99948984031863,114
45,Public Toilet - Toilet 170 - Queensberry Street (Opposite 530 Queensberry Street),no,yes,no,City of Melbourne,no,-37.803077866412245,144.94986517956968,59.84955729335088,114
67,Public Toilet - Toilet 13 - Queensberry Street (Opposite 530 Queensberry Street),,,,City of Melbourne,no,-37.803094275484256,144.94994632091922,60.356195624736095,114
51,"Public Toilet - Toilet 162 - JJ Holland Park (Opposite, 48 Altona Street)",yes,yes,yes,City of Melbourne,no,-37.798125461506075,144.92642466756246,16.437837949592538,115
25,"Public Toilet - Toilet 173 - JJ Holland Park, Skate Park (113 Kensington Road)",yes,yes,yes,City of Melbourne,no,-37.798064023886866,144.92110584392117,17.36905015050507,115
17,Public Toilet - Toilet 177 - Bellair Street (Opposite 180 Bellair Street),yes,yes,yes,City of Melbourne,no,-37.79373229128235,144.93035186163308,50.352953889650344,115
17,Public Toilet - Toilet 177 - Bellair Street (Opposite 180 Bellair Street),yes,yes,yes,City of Melbourne,no,-37.79373229128235,144.93035186163308,37.89493619942657,116
35,Public Toilet - Toilet 131 - Royal Park (Flemington Rd - Near North Park Tennis Club),yes,yes,yes,City of Melbourne,no,-37.790174410412384,144.94366905096862,56.46526421695128,116
51,"Public Toilet - Toilet 162 - JJ Holland Park (Opposite, 48 Altona Street)",yes,yes,yes,City of Melbourne,no,-37.798125461506075,144.92642466756246,65.18948595073513,116
17,Public Toilet - Toilet 177 - Bellair Street (Opposite 180 Bellair Street),yes,yes,yes,City of Melbourne,no,-37.79373229128235,144.93035186163308,2.553478961019287,117
51,"Public Toilet - Toilet 162 - JJ Holland Park (Opposite, 48 Altona Street)",yes,yes,yes,City of Melbourne,no,-37.798125461506075,144.92642466756246,38.230877617575345,117
34,Public Toilet - Newmarket Reserve (26 Smithfield Road),yes,yes,no,City of Melbourne,no,-37.78848882114304,144.92356372197432,57.07256442515133,117
51,"Public Toilet - Toilet 162 - JJ Holland Park (Opposite, 48 Altona Street)",yes,yes,yes,City of Melbourne,no,-37.798125461506075,144.92642466756246,10.87285274800248,118
25,"Public Toilet - Toilet 173 - JJ Holland Park, Skate Park (113 Kensington Road)",yes,yes,yes,City of Melbourne,no,-37.798064023886866,144.92110584392117,31.848127969488587,118
17,Public Toilet - Toilet 177 - Bellair Street (Opposite 180 Bellair Street),yes,yes,yes,City of Melbourne,no,-37.79373229128235,144.93035186163308,47.78001467798803,118
59,Public Toilet - Toilet 100 - Royal Park - Native Garden (off Gatehouse Street),yes,yes,yes,City of Melbourne,no,-37.79251146448698,144.95685172084129,22.653092002492972,119
16,Public Toilet - Royal Park Brens Pavilion,yes,yes,no,City of Melbourne,no,-37.78622124839705,144.95500087587342,29.001729949928116,119
65,"Public Toilet - Toilet 55 - Royal Park (Nature Play, Opposite 51 Gatehouse Street)",yes,yes,yes,City of Melbourne,no,-37.795523148389,144.952142962802,33.08046235903636,119
65,"Public Toilet - Toilet 55 - Royal Park (Nature Play, Opposite 51 Gatehouse Street)",yes,yes,yes,City of Melbourne,no,-37.795523148389,144.952142962802,15.729639577910344,120
73,Public Toilet - Toilet 136 - Ievers Reserve - Flemington Road,yes,yes,yes,City of Melbourne,no,-37.79679899805757,144.95196665126468,20.538068024226234,120
59,Public Toilet - Toilet 100 - Royal Park - Native Garden (off Gatehouse Street),yes,yes,yes,City of Melbourne,no,-37.79251146448698,144.95685172084129,44.5314192975472,120
33,Public Toilet - Royal Park Golf Course Club House,yes,yes,no,City of Melbourne,no,-37.78187131786685,144.95614252894822,28.701380316090706,121
16,Public Toilet - Royal Park Brens Pavilion,yes,yes,no,City of Melbourne,no,-37.78622124839705,144.95500087587342,38.0335228010583,121
40,Public Toilet - Toilet 127 - Princes Park Royal Parade (near Park Street),yes,yes,yes,City of Melbourne,no,-37.7789496090064,144.96046591899102,57.85252700857862,121
64,Public Toilet - Toilet 52 - Princes Park (Adjacent Southern Sports Pavilion),yes,yes,yes,City of Melbourne,no,-37.78790482714769,144.95949479077186,11.751864355118746,122
6,Public Toilet - Toilet 128 - Princes Park South Playground (Princes Park Drive),yes,yes,yes,City of Melbourne,no,-37.7855983874526,144.9630353603256,15.18595473709667,122
16,Public Toilet - Royal Park Brens Pavilion,yes,yes,no,City of Melbourne,no,-37.78622124839705,144.95500087587342,39.17748065156361,122
70,Public Toilet - Toilet 119 - Fitzroy Gardens Toilets (150 Clarendon Street),yes,yes,yes,City of Melbourne,no,-37.81203615704364,144.98307493665166,45.26702286501983,123
28,Public Toilet - Toilet 118 - Fitzroy Gardens (2 Lansdowne Street),yes,yes,yes,City of Melbourne,no,-37.815278082082735,144.97758877995489,50.60850294660046,123
41,Public Toilet - Toilet 117 - Powlett Reserve (Opposite 128 Albert Street),yes,yes,yes,City of Melbourne,no,-37.81094232809633,144.98685873937842,52.94974615329063,123
56,Public Toilet - Toilet 104 - Kings Domain South (off Birdwood Avenue),yes,yes,yes,City of Melbourne,no,-37.830849124048974,144.97518226820782,12.549300417349755,124
1,Public Toilet - Toilet 106 - Kings Domain Government House Drive,yes,yes,no,City of Melbourne,no,-37.82691574923447,144.9746477838788,33.52123000938508,124
53,Public Toilet - Toilet 103 - Kings Domain South (Opposite 169 Domain Road),yes,yes,yes,City of Melbourne,no,-37.83393826633729,144.98178404635058,52.90569326041292,124
56,Public Toilet - Toilet 104 - Kings Domain South (off Birdwood Avenue),yes,yes,yes,City of Melbourne,no,-37.830849124048974,144.97518226820782,11.739441111828722,125
1,Public Toilet - Toilet 106 - Kings Domain Government House Drive,yes,yes,no,City of Melbourne,no,-37.82691574923447,144.9746477838788,22.340140084084485,125
62,Public Toilet - Toilet 109 - Kings Domain Myer Music Bowl Rear of,yes,yes,yes,City of Melbourne,yes,-37.82289159858857,144.975280957334,48.092486676534435,125
10,Public Toilet - Toilet 107 - Alexandra Park,yes,yes,yes,City of Melbourne,no,-37.82764304616528,144.98181166075952,20.19873334391398,126
53,Public Toilet - Toilet 103 - Kings Domain South (Opposite 169 Domain Road),yes,yes,yes,City of Melbourne,no,-37.83393826633729,144.98178404635058,21.70638252963871,126
56,Public Toilet - Toilet 104 - Kings Domain South (off Birdwood Avenue),yes,yes,yes,City of Melbourne,no,-37.830849124048974,144.97518226820782,35.85836904910563,126
10,Public Toilet - Toilet 107 - Alexandra Park,yes,yes,yes,City of Melbourne,no,-37.82764304616528,144.98181166075952,55.127832294800534,127
70,Public Toilet - Toilet 119 - Fitzroy Gardens Toilets (150 Clarendon Street),yes,yes,yes,City of Melbourne,no,-37.81203615704364,144.98307493665166,58.41178474619493,127
41,Public Toilet - Toilet 117 - Powlett Reserve (Opposite 128 Albert Street),yes,yes,yes,City of Melbourne,no,-37.81094232809633,144.98685873937842,60.77512293244253,127
27,Public Toilet - Ron Barassi Senior Park Pavilion,U,U,U,City of Melbourne,U,-37.81722059052804,144.93400271183995,33.818409138075715,128
12,"Public Toilet - Saint Mangos Lane, The Palladio (New Quay)",yes,yes,yes,City of Melbourne,no,-37.81435831108069,144.94168216712015,40.44911306494634,128
8,"Public Toilet - Victoria Harbour, Shed 2 (North Wharf Road)",yes,yes,yes,City of Melbourne,no,-37.818924455699296,144.9342385117904,43.92933100746339,128
63,Public Toilet - Toilet 125 - Gordon Reserve (74-108 Spring Street),yes,no,no,City of Melbourne,no,-37.812240775587135,144.97392555886628,1.2793074959332438,129
19,Public Toilet - Toilet 124 - Nicholson Street (1A Nicholson Street),no,yes,no,City of Melbourne,no,-37.80945202894246,144.97307695563703,17.76153290243747,129
37,Public Toilet - Toilet 13 - Exhibition Street (Opposite 77 Exhibition Street),yes,yes,yes,City of Melbourne,no,-37.81384641664995,144.97137409472109,18.47176413374052,129
63,Public Toilet - Toilet 125 - Gordon Reserve (74-108 Spring Street),yes,no,no,City of Melbourne,no,-37.812240775587135,144.97392555886628,4.557147800387139,130
37,Public Toilet - Toilet 13 - Exhibition Street (Opposite 77 Exhibition Street),yes,yes,yes,City of Melbourne,no,-37.81384641664995,144.97137409472109,14.770281633895562,130
9,Public Toilet - Toilet 14 - Flinders Street (27 Flinders Street),no,yes,no,City of Melbourne,no,-37.815989825999864,144.97279836576897,20.97632279179401,130
19,Public Toilet - Toilet 124 - Nicholson Street (1A Nicholson Street),no,yes,no,City of Melbourne,no,-37.80945202894246,144.97307695563703,4.800048473248613,131
36,Public Toilet - Toilet 11 - Lonsdale Street (Opposite 88 Lonsdale Street),yes,yes,yes,City of Melbourne,no,-37.8100356799286,144.9699024633049,15.665433744238426,131
39,Public Toilet - Toilet 12 - Exhibition Street (Opposite 242 Exhibition Street),no,yes,no,City of Melbourne,no,-37.80954604636232,144.9694071187106,18.53038124767515,131
14,Public Toilet - Toilet 1 - Lonsdale Street (Opposite 581 Lonsdale Street),yes,yes,yes,City of Melbourne,no,-37.814345522392365,144.9551179464378,18.39345898467614,132
7,Public Toilet - Toilet 154 - Flagstaff Gardens (cnr William & Dudley),yes,yes,yes,City of Melbourne,no,-37.80891324235132,144.95504018635694,18.677348564087485,132
26,Public Toilet - Toilet 36 - Lonsdale Street (Opposite 424 Lonsdale Street),yes,yes,yes,City of Melbourne,U,-37.8129330992456,144.9600121469519,26.01871080113903,132
29,Public Toilet - Toilet 34 - Franklin Street (Opposite 80 Franklin Street),yes,yes,yes,City of Melbourne,no,-37.8082334704767,144.96018687493768,18.56340682221018,133
38,Public Toilet - Toilet 146 - Swanston Street (Opposite 475-511 Swanston Street),yes,no,no,City of Melbourne,no,-37.806805767380254,144.96264850030644,18.944206814166957,133
18,Public Toilet - Toilet 7 - Latrobe Street (Adjacent 120 La Trobe Street),no,yes,no,City of Melbourne,no,-37.80894206847336,144.96564884552268,19.618009121519467,133
29,Public Toilet - Toilet 34 - Franklin Street (Opposite 80 Franklin Street),yes,yes,yes,City of Melbourne,no,-37.8082334704767,144.96018687493768,17.8477990599814,134
26,Public Toilet - Toilet 36 - Lonsdale Street (Opposite 424 Lonsdale Street),yes,yes,yes,City of Melbourne,U,-37.8129330992456,144.9600121469519,18.295573857559113,134
13,Public Toilet - Toilet 6 - Elizabeth Street (Toilet Adjacent 200 Elizabeth Street),no,yes,no,City of Melbourne,no,-37.81343920794399,144.9629227264507,19.724676530627903,134
13,Public Toilet - Toilet 6 - Elizabeth Street (Toilet Adjacent 200 Elizabeth Street),no,yes,no,City of Melbourne,no,-37.81343920794399,144.9629227264507,16.2788155419357,135
4,Public Toilet - Toilet 6 - Elizabeth Street (Toilet Adjacent 200 Elizabeth Street),yes,no,no,City of Melbourne,no,-37.813837792176315,144.96309721024045,18.781867503150487,135
18,Public Toilet - Toilet 7 - Latrobe Street (Adjacent 120 La Trobe Street),no,yes,no,City of Melbourne,no,-37.80894206847336,144.96564884552268,20.389315897150556,135
34,Public Toilet - Newmarket Reserve (26 Smithfield Road),yes,yes,no,City of Melbourne,no,-37.78848882114304,144.92356372197432,98.18196063797163,136
25,"Public Toilet - Toilet 173 - JJ Holland Park, Skate Park (113 Kensington Road)",yes,yes,yes,City of Melbourne,no,-37.798064023886866,144.92110584392117,108.56625465314707,136
51,"Public Toilet - Toilet 162 - JJ Holland Park (Opposite, 48 Altona Street)",yes,yes,yes,City of Melbourne,no,-37.798125461506075,144.92642466756246,136.10043775526336,136
34,Public Toilet - Newmarket Reserve (26 Smithfield Road),yes,yes,no,City of Melbourne,no,-37.78848882114304,144.92356372197432,63.68022082019993,137
25,"Public Toilet - Toilet 173 - JJ Holland Park, Skate Park (113 Kensington Road)",yes,yes,yes,City of Melbourne,no,-37.798064023886866,144.92110584392117,101.10383765568523,137
17,Public Toilet - Toilet 177 - Bellair Street (Opposite 180 Bellair Street),yes,yes,yes,City of Melbourne,no,-37.79373229128235,144.93035186163308,117.98183676400791,137
34,Public Toilet - Newmarket Reserve (26 Smithfield Road),yes,yes,no,City of Melbourne,no,-37.78848882114304,144.92356372197432,35.768200258239695,138
17,Public Toilet - Toilet 177 - Bellair Street (Opposite 180 Bellair Street),yes,yes,yes,City of Melbourne,no,-37.79373229128235,144.93035186163308,42.008902365298795,138
51,"Public Toilet - Toilet 162 - JJ Holland Park (Opposite, 48 Altona Street)",yes,yes,yes,City of Melbourne,no,-37.798125461506075,144.92642466756246,71.21348062859842,138
30,Public Toilet - Town Hall Melbourne (200 Collins Street),yes,yes,yes,City of Melbourne,yes,-37.81521576619692,144.96694328510318,2.924502815309549,139
61,Public Toilet - Toilet 46 - Bourke Street (opposite 225 Bourke Street),yes,yes,yes,City of Melbourne,no,-37.81324543360198,144.96689658968143,11.228604123585674,139
72,Public Toilet - Toilet 41 - Flinders Street (No 245 Flinders Street Station),yes,yes,yes,City of Melbourne,no,-37.817903197056154,144.9662642552638,19.966642621114985,139
47,"Public Toilet - Toilet 42 - Fawkner Park, Opposite 55 Commercial Road",yes,yes,yes,City of Melbourne,no,-37.845206563009405,144.9826144313013,8.527318751638921,140
23,"Public Toilet - Toilet 102 - Fawkner Park, North Pavilion (Male)",no,yes,no,City of Melbourne,no,-37.840147692965054,144.98138308753738,39.087125439165284,140
44,"Public Toilet - Toilet 102 - Fawkner Park, North Pavilion (Female)",yes,no,no,City of Melbourne,no,-37.84001779326322,144.9812270146221,39.98880175242367,140
25,"Public Toilet - Toilet 173 - JJ Holland Park, Skate Park (113 Kensington Road)",yes,yes,yes,City of Melbourne,no,-37.798064023886866,144.92110584392117,40.51973542686958,141
34,Public Toilet - Newmarket Reserve (26 Smithfield Road),yes,yes,no,City of Melbourne,no,-37.78848882114304,144.92356372197432,64.75273917124859,141
51,"Public Toilet - Toilet 162 - JJ Holland Park (Opposite, 48 Altona Street)",yes,yes,yes,City of Melbourne,no,-37.798125461506075,144.92642466756246,71.79853021077328,141
41,Public Toilet - Toilet 117 - Powlett Reserve (Opposite 128 Albert Street),yes,yes,yes,City of Melbourne,no,-37.81094232809633,144.98685873937842,19.13045409605665,142
70,Public Toilet - Toilet 119 - Fitzroy Gardens Toilets (150 Clarendon Street),yes,yes,yes,City of Melbourne,no,-37.81203615704364,144.98307493665166,38.43045894488049,142
48,Public Toilet - Toilet 122 - Treasury Gardens (Store and Toilet),yes,yes,yes,City of Melbourne,no,-37.813418435008906,144.97746700744847,73.5258954133714,142
31,Public Toilet - Toilet 137 - Faraday Street (Opposite 208-212 Faraday Street),yes,yes,no,City of Melbourne,no,-37.79870959701599,144.96759388009733,9.937330699733357,143
58,Public Toilet - Toilet 178 -  Argyle Place North (Opposite 4 Argyle Place North),yes,yes,yes,City of Melbourne,no,-37.80207629420745,144.96642403988702,31.80595893275775,143
21,Public Toilet - Toilet 138 - Carlton Gardens North (Opposite 199 Rathdowne Street),yes,yes,yes,City of Melbourne,no,-37.802645554985105,144.969821287215,32.522499253644305,143
7,Public Toilet - Toilet 154 - Flagstaff Gardens (cnr William & Dudley),yes,yes,yes,City of Melbourne,no,-37.80891324235132,144.95504018635694,14.25716592825646,144
14,Public Toilet - Toilet 1 - Lonsdale Street (Opposite 581 Lonsdale Street),yes,yes,yes,City of Melbourne,no,-37.814345522392365,144.9551179464378,20.730892096450027,144
57,Public Toilet - Queen Victoria Market (465 Queen Street),yes,yes,yes,City of Melbourne,yes,-37.807831221471965,144.95795526595654,29.452764387872563,144
34,Public Toilet - Newmarket Reserve (26 Smithfield Road),yes,yes,no,City of Melbourne,no,-37.78848882114304,144.92356372197432,90.04567440613867,145
25,"Public Toilet - Toilet 173 - JJ Holland Park, Skate Park (113 Kensington Road)",yes,yes,yes,City of Melbourne,no,-37.798064023886866,144.92110584392117,119.84431071213622,145
51,"Public Toilet - Toilet 162 - JJ Holland Park (Opposite, 48 Altona Street)",yes,yes,yes,City of Melbourne,no,-37.798125461506075,144.92642466756246,141.4068863872256,145
36,Public Toilet - Toilet 11 - Lonsdale Street (Opposite 88 Lonsdale Street),yes,yes,yes,City of Melbourne,no,-37.8100356799286,144.9699024633049,6.596059732762162,146
39,Public Toilet - Toilet 12 - Exhibition Street (Opposite 242 Exhibition Street),no,yes,no,City of Melbourne,no,-37.80954604636232,144.9694071187106,9.285460794338876,146
37,Public Toilet - Toilet 13 - Exhibition Street (Opposite 77 Exhibition Street),yes,yes,yes,City of Melbourne,no,-37.81384641664995,144.97137409472109,21.637333821404454,146
36,Public Toilet - Toilet 11 - Lonsdale Street (Opposite 88 Lonsdale Street),yes,yes,yes,City of Melbourne,no,-37.8100356799286,144.9699024633049,1.8191505205019065,147
39,Public Toilet - Toilet 12 - Exhibition Street (Opposite 242 Exhibition Street),no,yes,no,City of Melbourne,no,-37.80954604636232,144.9694071187106,6.234069197180673,147
19,Public Toilet - Toilet 124 - Nicholson Street (1A Nicholson Street),no,yes,no,City of Melbourne,no,-37.80945202894246,144.97307695563703,19.269517126944585,147
31,Public Toilet - Toilet 137 - Faraday Street (Opposite 208-212 Faraday Street),yes,yes,no,City of Melbourne,no,-37.79870959701599,144.96759388009733,2.727053620293569,148
58,Public Toilet - Toilet 178 -  Argyle Place North (Opposite 4 Argyle Place North),yes,yes,yes,City of Melbourne,no,-37.80207629420745,144.96642403988702,20.38265833342511,148
21,Public Toilet - Toilet 138 - Carlton Gardens North (Opposite 199 Rathdowne Street),yes,yes,yes,City of Melbourne,no,-37.802645554985105,144.969821287215,26.24918280292651,148
23,"Public Toilet - Toilet 102 - Fawkner Park, North Pavilion (Male)",no,yes,no,City of Melbourne,no,-37.840147692965054,144.98138308753738,8.130688626350361,149
44,"Public Toilet - Toilet 102 - Fawkner Park, North Pavilion (Female)",yes,no,no,City of Melbourne,no,-37.84001779326322,144.9812270146221,9.16601999384592,149
47,"Public Toilet - Toilet 42 - Fawkner Park, Opposite 55 Commercial Road",yes,yes,yes,City of Melbourne,no,-37.845206563009405,144.9826144313013,25.06959205925221,149
70,Public Toilet - Toilet 119 - Fitzroy Gardens Toilets (150 Clarendon Street),yes,yes,yes,City of Melbourne,no,-37.81203615704364,144.98307493665166,17.616453982766743,150
48,Public Toilet - Toilet 122 - Treasury Gardens (Store and Toilet),yes,yes,yes,City of Melbourne,no,-37.813418435008906,144.97746700744847,19.160872410393132,150
28,Public Toilet - Toilet 118 - Fitzroy Gardens (2 Lansdowne Street),yes,yes,yes,City of Melbourne,no,-37.815278082082735,144.97758877995489,23.414305430592673,150
28,Public Toilet - Toilet 118 - Fitzroy Gardens (2 Lansdowne Street),yes,yes,yes,City of Melbourne,no,-37.815278082082735,144.97758877995489,19.371305640067572,151
48,Public Toilet - Toilet 122 - Treasury Gardens (Store and Toilet),yes,yes,yes,City of Melbourne,no,-37.813418435008906,144.97746700744847,20.83368937837753,151
70,Public Toilet - Toilet 119 - Fitzroy Gardens Toilets (150 Clarendon Street),yes,yes,yes,City of Melbourne,no,-37.81203615704364,144.98307493665166,22.586290012458008,151
49,Public Toilet - Toilet 3 - Flinders Street (399 Flinders Street),yes,yes,yes,City of Melbourne,no,-37.81940611413847,144.96127683121782,13.662274322291047,152
20,Public Toilet - Toilet 4 - Market Street (Opposite 74 Market Street),yes,yes,yes,City of Melbourne,no,-37.81746989209639,144.96025433528794,18.541775233592574,152
11,Public Toilet - Toilet 169 - Batman Park (2A Spencer Street),yes,yes,yes,City of Melbourne,no,-37.82172068166997,144.95557809313962,25.320001774753788,152
11,Public Toilet - Toilet 169 - Batman Park (2A Spencer Street),yes,yes,yes,City of Melbourne,no,-37.82172068166997,144.95557809313962,10.240371330520674,153
42,Public Toilet - Toilet 182 - Docklands Park South - 25 Harbour Esplanade,yes,yes,yes,City of Melbourne,yes,-37.82175860330799,144.9473834186781,42.237283233123165,153
49,Public Toilet - Toilet 3 - Flinders Street (399 Flinders Street),yes,yes,yes,City of Melbourne,no,-37.81940611413847,144.96127683121782,49.20098872741723,153
49,Public Toilet - Toilet 3 - Flinders Street (399 Flinders Street),yes,yes,yes,City of Melbourne,no,-37.81940611413847,144.96127683121782,5.572588612837926,154
20,Public Toilet - Toilet 4 - Market Street (Opposite 74 Market Street),yes,yes,yes,City of Melbourne,no,-37.81746989209639,144.96025433528794,10.960836637532456,154
69,Public Toilet - Toilet 43 - Queen Street (opposite 113 Queen Street),yes,yes,yes,City of Melbourne,no,-37.815838165017645,144.9610620730027,21.689914463891988,154
72,Public Toilet - Toilet 41 - Flinders Street (No 245 Flinders Street Station),yes,yes,yes,City of Melbourne,no,-37.817903197056154,144.9662642552638,10.824336672650707,155
30,Public Toilet - Town Hall Melbourne (200 Collins Street),yes,yes,yes,City of Melbourne,yes,-37.81521576619692,144.96694328510318,12.037947141549195,155
54,Public Toilet - Toilet 48 - Birrarung Marr (Opposite Artplay),yes,yes,yes,City of Melbourne,no,-37.81859887229392,144.97105956826817,23.82425604236585,155
54,Public Toilet - Toilet 48 - Birrarung Marr (Opposite Artplay),yes,yes,yes,City of Melbourne,no,-37.81859887229392,144.97105956826817,17.14557231659297,156
30,Public Toilet - Town Hall Melbourne (200 Collins Street),yes,yes,yes,City of Melbourne,yes,-37.81521576619692,144.96694328510318,17.467556089927154,156
37,Public Toilet - Toilet 13 - Exhibition Street (Opposite 77 Exhibition Street),yes,yes,yes,City of Melbourne,no,-37.81384641664995,144.97137409472109,21.01995833094155,156
72,Public Toilet - Toilet 41 - Flinders Street (No 245 Flinders Street Station),yes,yes,yes,City of Melbourne,no,-37.817903197056154,144.9662642552638,5.070042097387882,157
30,Public Toilet - Town Hall Melbourne (200 Collins Street),yes,yes,yes,City of Melbourne,yes,-37.81521576619692,144.96694328510318,17.177486973970858,157
60,Public Toilet - Toilet 172 - Southbank Promenade (opposite Esso House),yes,yes,yes,City of Melbourne,no,-37.820342128586276,144.96421972799456,23.788967678098253,157
25,"Public Toilet - Toilet 173 - JJ Holland Park, Skate Park (113 Kensington Road)",yes,yes,yes,City of Melbourne,no,-37.798064023886866,144.92110584392117,57.86020870071481,158
51,"Public Toilet - Toilet 162 - JJ Holland Park (Opposite, 48 Altona Street)",yes,yes,yes,City of Melbourne,no,-37.798125461506075,144.92642466756246,59.232475336105296,158
27,Public Toilet - Ron Barassi Senior Park Pavilion,U,U,U,City of Melbourne,U,-37.81722059052804,144.93400271183995,94.69563262237304,158
19,Public Toilet - Toilet 124 - Nicholson Street (1A Nicholson Street),no,yes,no,City of Melbourne,no,-37.80945202894246,144.97307695563703,15.595460712084778,159
63,Public Toilet - Toilet 125 - Gordon Reserve (74-108 Spring Street),yes,no,no,City of Melbourne,no,-37.812240775587135,144.97392555886628,25.111030131342584,159
48,Public Toilet - Toilet 122 - Treasury Gardens (Store and Toilet),yes,yes,yes,City of Melbourne,no,-37.813418435008906,144.97746700744847,33.613360521179644,159
73,Public Toilet - Toilet 136 - Ievers Reserve - Flemington Road,yes,yes,yes,City of Melbourne,no,-37.79679899805757,144.95196665126468,32.31058456403952,160
0,Public Toilet - Toilet 140 - Queensberry Street (Opposite 286 Queensberry Street),no,yes,no,City of Melbourne,no,-37.803994634967296,144.95909066756946,34.459436368684,160
65,"Public Toilet - Toilet 55 - Royal Park (Nature Play, Opposite 51 Gatehouse Street)",yes,yes,yes,City of Melbourne,no,-37.795523148389,144.952142962802,36.18087183584755,160
31,Public Toilet - Toilet 137 - Faraday Street (Opposite 208-212 Faraday Street),yes,yes,no,City of Melbourne,no,-37.79870959701599,144.96759388009733,23.37346840812269,161
58,Public Toilet - Toilet 178 -  Argyle Place North (Opposite 4 Argyle Place North),yes,yes,yes,City of Melbourne,no,-37.80207629420745,144.96642403988702,33.14924541591691,161
68,Public Toilet - Toilet 179 - Lincoln Square (138-142 Bouverie Street),yes,yes,yes,City of Melbourne,no,-37.80271182455448,144.9622681269577,35.97217795041236,161
14,Public Toilet - Toilet 1 - Lonsdale Street (Opposite 581 Lonsdale Street),yes,yes,yes,City of Melbourne,no,-37.814345522392365,144.9551179464378,9.23024991114681,162
7,Public Toilet - Toilet 154 - Flagstaff Gardens (cnr William & Dudley),yes,yes,yes,City of Melbourne,no,-37.80891324235132,144.95504018635694,29.236242206554042,162
26,Public Toilet - Toilet 36 - Lonsdale Street (Opposite 424 Lonsdale Street),yes,yes,yes,City of Melbourne,U,-37.8129330992456,144.9600121469519,38.02911251786734,162
13,Public Toilet - Toilet 6 - Elizabeth Street (Toilet Adjacent 200 Elizabeth Street),no,yes,no,City of Melbourne,no,-37.81343920794399,144.9629227264507,18.541577770469683,163
18,Public Toilet - Toilet 7 - Latrobe Street (Adjacent 120 La Trobe Street),no,yes,no,City of Melbourne,no,-37.80894206847336,144.96564884552268,21.005618926265853,163
4,Public Toilet - Toilet 6 - Elizabeth Street (Toilet Adjacent 200 Elizabeth Street),yes,no,no,City of Melbourne,no,-37.813837792176315,144.96309721024045,21.166167406429746,163
18,Public Toilet - Toilet 7 - Latrobe Street (Adjacent 120 La Trobe Street),no,yes,no,City of Melbourne,no,-37.80894206847336,144.96564884552268,13.635552115518797,164
38,Public Toilet - Toilet 146 - Swanston Street (Opposite 475-511 Swanston Street),yes,no,no,City of Melbourne,no,-37.806805767380254,144.96264850030644,21.719076966110205,164
13,Public Toilet - Toilet 6 - Elizabeth Street (Toilet Adjacent 200 Elizabeth Street),no,yes,no,City of Melbourne,no,-37.81343920794399,144.9629227264507,22.50908309534022,164
18,Public Toilet - Toilet 7 - Latrobe Street (Adjacent 120 La Trobe Street),no,yes,no,City of Melbourne,no,-37.80894206847336,144.96564884552268,11.150926176582153,165
61,Public Toilet - Toilet 46 - Bourke Street (opposite 225 Bourke Street),yes,yes,yes,City of Melbourne,no,-37.81324543360198,144.96689658968143,17.942282789687084,165
39,Public Toilet - Toilet 12 - Exhibition Street (Opposite 242 Exhibition Street),no,yes,no,City of Melbourne,no,-37.80954604636232,144.9694071187106,24.515373957730862,165
58,Public Toilet - Toilet 178 -  Argyle Place North (Opposite 4 Argyle Place North),yes,yes,yes,City of Melbourne,no,-37.80207629420745,144.96642403988702,8.02518491528362,166
5,Public Toilet - Toilet 142 - Queensberry Street (Adjacent 179 Queensberry Street),no,yes,no,City of Melbourne,no,-37.80463970714722,144.96285021945613,20.771800958826212,166
68,Public Toilet - Toilet 179 - Lincoln Square (138-142 Bouverie Street),yes,yes,yes,City of Melbourne,no,-37.80271182455448,144.9622681269577,22.333454283932344,166
58,Public Toilet - Toilet 178 -  Argyle Place North (Opposite 4 Argyle Place North),yes,yes,yes,City of Melbourne,no,-37.80207629420745,144.96642403988702,4.532569476763436,167
68,Public Toilet - Toilet 179 - Lincoln Square (138-142 Bouverie Street),yes,yes,yes,City of Melbourne,no,-37.80271182455448,144.9622681269577,22.840016355457415,167
5,Public Toilet - Toilet 142 - Queensberry Street (Adjacent 179 Queensberry Street),no,yes,no,City of Melbourne,no,-37.80463970714722,144.96285021945613,23.423026742335185,167
31,Public Toilet - Toilet 137 - Faraday Street (Opposite 208-212 Faraday Street),yes,yes,no,City of Melbourne,no,-37.79870959701599,144.96759388009733,24.996382807695475,168
21,Public Toilet - Toilet 138 - Carlton Gardens North (Opposite 199 Rathdowne Street),yes,yes,yes,City of Melbourne,no,-37.802645554985105,144.969821287215,29.53524564501542,168
22,Public Toilet - Toilet 133- Canning Street Reserve (49 Princes Street),no,yes,no,City of Melbourne,no,-37.793011678725755,144.97399489761827,37.408653814822244,168
21,Public Toilet - Toilet 138 - Carlton Gardens North (Opposite 199 Rathdowne Street),yes,yes,yes,City of Melbourne,no,-37.802645554985105,144.969821287215,25.513278057231368,169
31,Public Toilet - Toilet 137 - Faraday Street (Opposite 208-212 Faraday Street),yes,yes,no,City of Melbourne,no,-37.79870959701599,144.96759388009733,36.08850258851075,169
58,Public Toilet - Toilet 178 -  Argyle Place North (Opposite 4 Argyle Place North),yes,yes,yes,City of Melbourne,no,-37.80207629420745,144.96642403988702,43.641118714029396,169
19,Public Toilet - Toilet 124 - Nicholson Street (1A Nicholson Street),no,yes,no,City of Melbourne,no,-37.80945202894246,144.97307695563703,3.534372992446755,170
63,Public Toilet - Toilet 125 - Gordon Reserve (74-108 Spring Street),yes,no,no,City of Melbourne,no,-37.812240775587135,144.97392555886628,15.512187544924858,170
36,Public Toilet - Toilet 11 - Lonsdale Street (Opposite 88 Lonsdale Street),yes,yes,yes,City of Melbourne,no,-37.8100356799286,144.9699024633049,22.594901214118654,170
45,Public Toilet - Toilet 170 - Queensberry Street (Opposite 530 Queensberry Street),no,yes,no,City of Melbourne,no,-37.803077866412245,144.94986517956968,46.24514226385455,171
67,Public Toilet - Toilet 13 - Queensberry Street (Opposite 530 Queensberry Street),,,,City of Melbourne,no,-37.803094275484256,144.94994632091922,46.7548171908667,171
73,Public Toilet - Toilet 136 - Ievers Reserve - Flemington Road,yes,yes,yes,City of Melbourne,no,-37.79679899805757,144.95196665126468,58.60859820382436,171
45,Public Toilet - Toilet 170 - Queensberry Street (Opposite 530 Queensberry Street),no,yes,no,City of Melbourne,no,-37.803077866412245,144.94986517956968,63.9793490755283,172
35,Public Toilet - Toilet 131 - Royal Park (Flemington Rd - Near North Park Tennis Club),yes,yes,yes,City of Melbourne,no,-37.790174410412384,144.94366905096862,64.29759223754593,172
67,Public Toilet - Toilet 13 - Queensberry Street (Opposite 530 Queensberry Street),,,,City of Melbourne,no,-37.803094275484256,144.94994632091922,64.49937507745669,172
22,Public Toilet - Toilet 133- Canning Street Reserve (49 Princes Street),no,yes,no,City of Melbourne,no,-37.793011678725755,144.97399489761827,14.844794976671855,173
31,Public Toilet - Toilet 137 - Faraday Street (Opposite 208-212 Faraday Street),yes,yes,no,City of Melbourne,no,-37.79870959701599,144.96759388009733,42.53076468350512,173
21,Public Toilet - Toilet 138 - Carlton Gardens North (Opposite 199 Rathdowne Street),yes,yes,yes,City of Melbourne,no,-37.802645554985105,144.969821287215,59.92156957575599,173
38,Public Toilet - Toilet 146 - Swanston Street (Opposite 475-511 Swanston Street),yes,no,no,City of Melbourne,no,-37.806805767380254,144.96264850030644,4.103999822716008,174
5,Public Toilet - Toilet 142 - Queensberry Street (Adjacent 179 Queensberry Street),no,yes,no,City of Melbourne,no,-37.80463970714722,144.96285021945613,16.208770691019975,174
18,Public Toilet - Toilet 7 - Latrobe Street (Adjacent 120 La Trobe Street),no,yes,no,City of Melbourne,no,-37.80894206847336,144.96564884552268,19.299606550086466,174
8,"Public Toilet - Victoria Harbour, Shed 2 (North Wharf Road)",yes,yes,yes,City of Melbourne,no,-37.818924455699296,144.9342385117904,179.67092132823996,175
27,Public Toilet - Ron Barassi Senior Park Pavilion,U,U,U,City of Melbourne,U,-37.81722059052804,144.93400271183995,183.49286227548458,175
3,"Public Toilet - Victoria Harbour, Shed 3 (North Wharf Road)",no,yes,no,City of Melbourne,no,-37.819795975740334,144.93766540530564,197.13259060579458,175
12,"Public Toilet - Saint Mangos Lane, The Palladio (New Quay)",yes,yes,yes,City of Melbourne,no,-37.81435831108069,144.94168216712015,44.74426327966399,176
45,Public Toilet - Toilet 170 - Queensberry Street (Opposite 530 Queensberry Street),no,yes,no,City of Melbourne,no,-37.803077866412245,144.94986517956968,54.56546755592166,176
67,Public Toilet - Toilet 13 - Queensberry Street (Opposite 530 Queensberry Street),,,,City of Melbourne,no,-37.803094275484256,144.94994632091922,54.95861158334819,176
28,Public Toilet - Toilet 118 - Fitzroy Gardens (2 Lansdowne Street),yes,yes,yes,City of Melbourne,no,-37.815278082082735,144.97758877995489,13.0167632506728,177
48,Public Toilet - Toilet 122 - Treasury Gardens (Store and Toilet),yes,yes,yes,City of Melbourne,no,-37.813418435008906,144.97746700744847,14.333465717404916,177
70,Public Toilet - Toilet 119 - Fitzroy Gardens Toilets (150 Clarendon Street),yes,yes,yes,City of Melbourne,no,-37.81203615704364,144.98307493665166,27.576909673287272,177
48,Public Toilet - Toilet 122 - Treasury Gardens (Store and Toilet),yes,yes,yes,City of Melbourne,no,-37.813418435008906,144.97746700744847,7.861139889380798,178
28,Public Toilet - Toilet 118 - Fitzroy Gardens (2 Lansdowne Street),yes,yes,yes,City of Melbourne,no,-37.815278082082735,144.97758877995489,10.201417341438889,178
70,Public Toilet - Toilet 119 - Fitzroy Gardens Toilets (150 Clarendon Street),yes,yes,yes,City of Melbourne,no,-37.81203615704364,144.98307493665166,31.238287619295768,178
11,Public Toilet - Toilet 169 - Batman Park (2A Spencer Street),yes,yes,yes,City of Melbourne,no,-37.82172068166997,144.95557809313962,18.663370596227253,179
49,Public Toilet - Toilet 3 - Flinders Street (399 Flinders Street),yes,yes,yes,City of Melbourne,no,-37.81940611413847,144.96127683121782,20.60163918666978,179
20,Public Toilet - Toilet 4 - Market Street (Opposite 74 Market Street),yes,yes,yes,City of Melbourne,no,-37.81746989209639,144.96025433528794,25.10712982650388,179
10,Public Toilet - Toilet 107 - Alexandra Park,yes,yes,yes,City of Melbourne,no,-37.82764304616528,144.98181166075952,25.38879372411028,180
62,Public Toilet - Toilet 109 - Kings Domain Myer Music Bowl Rear of,yes,yes,yes,City of Melbourne,yes,-37.82289159858857,144.975280957334,29.392600939027364,180
43,Public Toilet - Toilet 111 - Birrarung Marr Speakers Corner,yes,yes,yes,City of Melbourne,no,-37.82100477977538,144.97593322373976,31.651700508440705,180
21,Public Toilet - Toilet 138 - Carlton Gardens North (Opposite 199 Rathdowne Street),yes,yes,yes,City of Melbourne,no,-37.802645554985105,144.969821287215,16.497679000800154,181
15,Public Toilet - Toilet 145 - Carlton Gardens South (Opposite 39 Rathdowne Street),yes,yes,yes,City of Melbourne,no,-37.80625893301874,144.9692027022002,18.10895366868885,181
19,Public Toilet - Toilet 124 - Nicholson Street (1A Nicholson Street),no,yes,no,City of Melbourne,no,-37.80945202894246,144.97307695563703,32.4632179332489,181
42,Public Toilet - Toilet 182 - Docklands Park South - 25 Harbour Esplanade,yes,yes,yes,City of Melbourne,yes,-37.82175860330799,144.9473834186781,35.61271133665031,182
12,"Public Toilet - Saint Mangos Lane, The Palladio (New Quay)",yes,yes,yes,City of Melbourne,no,-37.81435831108069,144.94168216712015,38.61389602147949,182
14,Public Toilet - Toilet 1 - Lonsdale Street (Opposite 581 Lonsdale Street),yes,yes,yes,City of Melbourne,no,-37.814345522392365,144.9551179464378,49.675095263239605,182
60,Public Toilet - Toilet 172 - Southbank Promenade (opposite Esso House),yes,yes,yes,City of Melbourne,no,-37.820342128586276,144.96421972799456,8.531723701041399,183
49,Public Toilet - Toilet 3 - Flinders Street (399 Flinders Street),yes,yes,yes,City of Melbourne,no,-37.81940611413847,144.96127683121782,25.450754858587157,183
72,Public Toilet - Toilet 41 - Flinders Street (No 245 Flinders Street Station),yes,yes,yes,City of Melbourne,no,-37.817903197056154,144.9662642552638,25.87819498470044,183
60,Public Toilet - Toilet 172 - Southbank Promenade (opposite Esso House),yes,yes,yes,City of Melbourne,no,-37.820342128586276,144.96421972799456,7.6342643820647345,184
49,Public Toilet - Toilet 3 - Flinders Street (399 Flinders Street),yes,yes,yes,City of Melbourne,no,-37.81940611413847,144.96127683121782,24.214663019728313,184
72,Public Toilet - Toilet 41 - Flinders Street (No 245 Flinders Street Station),yes,yes,yes,City of Melbourne,no,-37.817903197056154,144.9662642552638,25.726715274743857,184
48,Public Toilet - Toilet 122 - Treasury Gardens (Store and Toilet),yes,yes,yes,City of Melbourne,no,-37.813418435008906,144.97746700744847,12.391629738554462,185
63,Public Toilet - Toilet 125 - Gordon Reserve (74-108 Spring Street),yes,no,no,City of Melbourne,no,-37.812240775587135,144.97392555886628,22.55802223075507,185
28,Public Toilet - Toilet 118 - Fitzroy Gardens (2 Lansdowne Street),yes,yes,yes,City of Melbourne,no,-37.815278082082735,144.97758877995489,24.274580216523493,185
31,Public Toilet - Toilet 137 - Faraday Street (Opposite 208-212 Faraday Street),yes,yes,no,City of Melbourne,no,-37.79870959701599,144.96759388009733,20.11666991247496,186
58,Public Toilet - Toilet 178 -  Argyle Place North (Opposite 4 Argyle Place North),yes,yes,yes,City of Melbourne,no,-37.80207629420745,144.96642403988702,20.335368165389436,186
68,Public Toilet - Toilet 179 - Lincoln Square (138-142 Bouverie Street),yes,yes,yes,City of Melbourne,no,-37.80271182455448,144.9622681269577,24.96596045639238,186
60,Public Toilet - Toilet 172 - Southbank Promenade (opposite Esso House),yes,yes,yes,City of Melbourne,no,-37.820342128586276,144.96421972799456,7.912831404365556,187
49,Public Toilet - Toilet 3 - Flinders Street (399 Flinders Street),yes,yes,yes,City of Melbourne,no,-37.81940611413847,144.96127683121782,11.856485236317544,187
20,Public Toilet - Toilet 4 - Market Street (Opposite 74 Market Street),yes,yes,yes,City of Melbourne,no,-37.81746989209639,144.96025433528794,24.41538327046042,187
60,Public Toilet - Toilet 172 - Southbank Promenade (opposite Esso House),yes,yes,yes,City of Melbourne,no,-37.820342128586276,144.96421972799456,15.241313055797686,188
49,Public Toilet - Toilet 3 - Flinders Street (399 Flinders Street),yes,yes,yes,City of Melbourne,no,-37.81940611413847,144.96127683121782,18.016617924263837,188
20,Public Toilet - Toilet 4 - Market Street (Opposite 74 Market Street),yes,yes,yes,City of Melbourne,no,-37.81746989209639,144.96025433528794,31.94910331318256,188
54,Public Toilet - Toilet 48 - Birrarung Marr (Opposite Artplay),yes,yes,yes,City of Melbourne,no,-37.81859887229392,144.97105956826817,14.085601039887196,189
72,Public Toilet - Toilet 41 - Flinders Street (No 245 Flinders Street Station),yes,yes,yes,City of Melbourne,no,-37.817903197056154,144.9662642552638,17.869592205678867,189
30,Public Toilet - Town Hall Melbourne (200 Collins Street),yes,yes,yes,City of Melbourne,yes,-37.81521576619692,144.96694328510318,20.368340088667633,189
42,Public Toilet - Toilet 182 - Docklands Park South - 25 Harbour Esplanade,yes,yes,yes,City of Melbourne,yes,-37.82175860330799,144.9473834186781,9.245158920421142,190
24,Public Toilet - Toilet 181 - Point Park (Point Park Crescent),yes,yes,yes,City of Melbourne,yes,-37.82331083443533,144.94182760665478,34.583976132362835,190
11,Public Toilet - Toilet 169 - Batman Park (2A Spencer Street),yes,yes,yes,City of Melbourne,no,-37.82172068166997,144.95557809313962,53.301140671668485,190
70,Public Toilet - Toilet 119 - Fitzroy Gardens Toilets (150 Clarendon Street),yes,yes,yes,City of Melbourne,no,-37.81203615704364,144.98307493665166,18.163170299642424,191
48,Public Toilet - Toilet 122 - Treasury Gardens (Store and Toilet),yes,yes,yes,City of Melbourne,no,-37.813418435008906,144.97746700744847,34.16544621157846,191
41,Public Toilet - Toilet 117 - Powlett Reserve (Opposite 128 Albert Street),yes,yes,yes,City of Melbourne,no,-37.81094232809633,144.98685873937842,35.54650121186671,191
4,Public Toilet - Toilet 6 - Elizabeth Street (Toilet Adjacent 200 Elizabeth Street),yes,no,no,City of Melbourne,no,-37.813837792176315,144.96309721024045,5.053035202016548,192
13,Public Toilet - Toilet 6 - Elizabeth Street (Toilet Adjacent 200 Elizabeth Street),no,yes,no,City of Melbourne,no,-37.81343920794399,144.9629227264507,5.986734139327909,192
61,Public Toilet - Toilet 46 - Bourke Street (opposite 225 Bourke Street),yes,yes,yes,City of Melbourne,no,-37.81324543360198,144.96689658968143,19.397869091487742,192
4,Public Toilet - Toilet 6 - Elizabeth Street (Toilet Adjacent 200 Elizabeth Street),yes,no,no,City of Melbourne,no,-37.813837792176315,144.96309721024045,8.752809603491341,193
13,Public Toilet - Toilet 6 - Elizabeth Street (Toilet Adjacent 200 Elizabeth Street),no,yes,no,City of Melbourne,no,-37.81343920794399,144.9629227264507,9.227938902473696,193
61,Public Toilet - Toilet 46 - Bourke Street (opposite 225 Bourke Street),yes,yes,yes,City of Melbourne,no,-37.81324543360198,144.96689658968143,15.993348722368335,193
68,Public Toilet - Toilet 179 - Lincoln Square (138-142 Bouverie Street),yes,yes,yes,City of Melbourne,no,-37.80271182455448,144.9622681269577,3.167259214460229,194
5,Public Toilet - Toilet 142 - Queensberry Street (Adjacent 179 Queensberry Street),no,yes,no,City of Melbourne,no,-37.80463970714722,144.96285021945613,11.798499771694884,194
58,Public Toilet - Toilet 178 -  Argyle Place North (Opposite 4 Argyle Place North),yes,yes,yes,City of Melbourne,no,-37.80207629420745,144.96642403988702,23.683248508740082,194
70,Public Toilet - Toilet 119 - Fitzroy Gardens Toilets (150 Clarendon Street),yes,yes,yes,City of Melbourne,no,-37.81203615704364,144.98307493665166,7.8641135830243645,195
41,Public Toilet - Toilet 117 - Powlett Reserve (Opposite 128 Albert Street),yes,yes,yes,City of Melbourne,no,-37.81094232809633,144.98685873937842,20.020915862886326,195
48,Public Toilet - Toilet 122 - Treasury Gardens (Store and Toilet),yes,yes,yes,City of Melbourne,no,-37.813418435008906,144.97746700744847,42.472903580627005,195
70,Public Toilet - Toilet 119 - Fitzroy Gardens Toilets (150 Clarendon Street),yes,yes,yes,City of Melbourne,no,-37.81203615704364,144.98307493665166,8.669709026490475,196
41,Public Toilet - Toilet 117 - Powlett Reserve (Opposite 128 Albert Street),yes,yes,yes,City of Melbourne,no,-37.81094232809633,144.98685873937842,16.519130781245504,196
48,Public Toilet - Toilet 122 - Treasury Gardens (Store and Toilet),yes,yes,yes,City of Melbourne,no,-37.813418435008906,144.97746700744847,45.214232112710576,196
36,Public Toilet - Toilet 11 - Lonsdale Street (Opposite 88 Lonsdale Street),yes,yes,yes,City of Melbourne,no,-37.8100356799286,144.9699024633049,6.309756248387853,197
39,Public Toilet - Toilet 12 - Exhibition Street (Opposite 242 Exhibition Street),no,yes,no,City of Melbourne,no,-37.80954604636232,144.9694071187106,7.874494194602069,197
61,Public Toilet - Toilet 46 - Bourke Street (opposite 225 Bourke Street),yes,yes,yes,City of Melbourne,no,-37.81324543360198,144.96689658968143,21.65527196604966,197
69,Public Toilet - Toilet 43 - Queen Street (opposite 113 Queen Street),yes,yes,yes,City of Melbourne,no,-37.815838165017645,144.9610620730027,4.3788587230706,198
20,Public Toilet - Toilet 4 - Market Street (Opposite 74 Market Street),yes,yes,yes,City of Melbourne,no,-37.81746989209639,144.96025433528794,12.28117765224041,198
4,Public Toilet - Toilet 6 - Elizabeth Street (Toilet Adjacent 200 Elizabeth Street),yes,no,no,City of Melbourne,no,-37.813837792176315,144.96309721024045,17.329987220748833,198
